WARNING: A restricted method in java.lang.System has been called
WARNING: java.lang.System::load has been called by org.fusesource.jansi.internal.JansiLoader in an unnamed module (file:/Users/devanshdubey/.m2/wrapper/dists/apache-maven-3.9.9/3477a4f1/lib/jansi-2.4.1.jar)
WARNING: Use --enable-native-access=ALL-UNNAMED to avoid a warning for callers in this module
WARNING: Restricted methods will be blocked in a future release unless native access is enabled

WARNING: A terminally deprecated method in sun.misc.Unsafe has been called
WARNING: sun.misc.Unsafe::objectFieldOffset has been called by com.google.common.util.concurrent.AbstractFuture$UnsafeAtomicHelper (file:/Users/devanshdubey/.m2/wrapper/dists/apache-maven-3.9.9/3477a4f1/lib/guava-33.2.1-jre.jar)
WARNING: Please consider reporting this to the maintainers of class com.google.common.util.concurrent.AbstractFuture$UnsafeAtomicHelper
WARNING: sun.misc.Unsafe::objectFieldOffset will be removed in a future release
[INFO] Scanning for projects...
[INFO] 
[INFO] ---------------------< com.example:stockPortfolio >---------------------
[INFO] Building stockPortfolio 0.0.1-SNAPSHOT
[INFO]   from pom.xml
[INFO] --------------------------------[ jar ]---------------------------------
[INFO] 
[INFO] >>> spring-boot:3.3.12:run (default-cli) > test-compile @ stockPortfolio >>>
[INFO] 
[INFO] --- resources:3.3.1:resources (default-resources) @ stockPortfolio ---
[INFO] Copying 2 resources from src/main/resources to target/classes
[INFO] Copying 0 resource from src/main/resources to target/classes
[INFO] 
[INFO] --- compiler:3.13.0:compile (default-compile) @ stockPortfolio ---
[INFO] Nothing to compile - all classes are up to date.
[INFO] 
[INFO] --- resources:3.3.1:testResources (default-testResources) @ stockPortfolio ---
[INFO] skip non existing resourceDirectory /Users/devanshdubey/Stock-Portfolio-Monitoring-App/src/test/resources
[INFO] 
[INFO] --- compiler:3.13.0:testCompile (default-testCompile) @ stockPortfolio ---
[INFO] Nothing to compile - all classes are up to date.
[INFO] 
[INFO] <<< spring-boot:3.3.12:run (default-cli) < test-compile @ stockPortfolio <<<
[INFO] 
[INFO] 
[INFO] --- spring-boot:3.3.12:run (default-cli) @ stockPortfolio ---
[INFO] Attaching agents: []
13:39:19.167 [main] WARN com.example.stockPortfolio.StockPortfolioApplication -- [startup] Postgres unreachable at localhost:5444 from DB_URL; activating 'h2' profile as a local fallback.

  .   ____          _            __ _ _
 /\\ / ___'_ __ _ _(_)_ __  __ _ \ \ \ \
( ( )\___ | '_ | '_| | '_ \/ _` | \ \ \ \
 \\/  ___)| |_)| | | | | || (_| |  ) ) ) )
  '  |____| .__|_| |_|_| |_\__, | / / / /
 =========|_|==============|___/=/_/_/_/

 :: Spring Boot ::               (v3.3.12)

2026-05-06T13:39:19.395+05:30  INFO 28164 --- [           main] c.e.s.StockPortfolioApplication          : Starting StockPortfolioApplication using Java 24.0.2 with PID 28164 (/Users/devanshdubey/Stock-Portfolio-Monitoring-App/target/classes started by devanshdubey in /Users/devanshdubey/Stock-Portfolio-Monitoring-App)
2026-05-06T13:39:19.396+05:30  INFO 28164 --- [           main] c.e.s.StockPortfolioApplication          : The following 1 profile is active: "h2"
2026-05-06T13:39:20.020+05:30  INFO 28164 --- [           main] .s.d.r.c.RepositoryConfigurationDelegate : Multiple Spring Data modules found, entering strict repository configuration mode
2026-05-06T13:39:20.021+05:30  INFO 28164 --- [           main] .s.d.r.c.RepositoryConfigurationDelegate : Bootstrapping Spring Data JPA repositories in DEFAULT mode.
2026-05-06T13:39:20.096+05:30  INFO 28164 --- [           main] .s.d.r.c.RepositoryConfigurationDelegate : Finished Spring Data repository scanning in 72 ms. Found 8 JPA repository interfaces.
2026-05-06T13:39:20.106+05:30  INFO 28164 --- [           main] .s.d.r.c.RepositoryConfigurationDelegate : Multiple Spring Data modules found, entering strict repository configuration mode
2026-05-06T13:39:20.106+05:30  INFO 28164 --- [           main] .s.d.r.c.RepositoryConfigurationDelegate : Bootstrapping Spring Data Redis repositories in DEFAULT mode.
2026-05-06T13:39:20.117+05:30  INFO 28164 --- [           main] .RepositoryConfigurationExtensionSupport : Spring Data Redis - Could not safely identify store assignment for repository candidate interface com.example.stockPortfolio.AlertManagement.AlertHistoryRepo; If you want this repository to be a Redis repository, consider annotating your entities with one of these annotations: org.springframework.data.redis.core.RedisHash (preferred), or consider extending one of the following types with your repository: org.springframework.data.keyvalue.repository.KeyValueRepository
2026-05-06T13:39:20.117+05:30  INFO 28164 --- [           main] .RepositoryConfigurationExtensionSupport : Spring Data Redis - Could not safely identify store assignment for repository candidate interface com.example.stockPortfolio.AlertManagement.AlertRepo; If you want this repository to be a Redis repository, consider annotating your entities with one of these annotations: org.springframework.data.redis.core.RedisHash (preferred), or consider extending one of the following types with your repository: org.springframework.data.keyvalue.repository.KeyValueRepository
2026-05-06T13:39:20.117+05:30  INFO 28164 --- [           main] .RepositoryConfigurationExtensionSupport : Spring Data Redis - Could not safely identify store assignment for repository candidate interface com.example.stockPortfolio.DecisionManagement.DecisionRepo; If you want this repository to be a Redis repository, consider annotating your entities with one of these annotations: org.springframework.data.redis.core.RedisHash (preferred), or consider extending one of the following types with your repository: org.springframework.data.keyvalue.repository.KeyValueRepository
2026-05-06T13:39:20.118+05:30  INFO 28164 --- [           main] .RepositoryConfigurationExtensionSupport : Spring Data Redis - Could not safely identify store assignment for repository candidate interface com.example.stockPortfolio.HoldingsManagement.HoldingRepo; If you want this repository to be a Redis repository, consider annotating your entities with one of these annotations: org.springframework.data.redis.core.RedisHash (preferred), or consider extending one of the following types with your repository: org.springframework.data.keyvalue.repository.KeyValueRepository
2026-05-06T13:39:20.118+05:30  INFO 28164 --- [           main] .RepositoryConfigurationExtensionSupport : Spring Data Redis - Could not safely identify store assignment for repository candidate interface com.example.stockPortfolio.HoldingsManagement.TransactionRepo; If you want this repository to be a Redis repository, consider annotating your entities with one of these annotations: org.springframework.data.redis.core.RedisHash (preferred), or consider extending one of the following types with your repository: org.springframework.data.keyvalue.repository.KeyValueRepository
2026-05-06T13:39:20.118+05:30  INFO 28164 --- [           main] .RepositoryConfigurationExtensionSupport : Spring Data Redis - Could not safely identify store assignment for repository candidate interface com.example.stockPortfolio.PortfolioManagement.PortfolioRepo; If you want this repository to be a Redis repository, consider annotating your entities with one of these annotations: org.springframework.data.redis.core.RedisHash (preferred), or consider extending one of the following types with your repository: org.springframework.data.keyvalue.repository.KeyValueRepository
2026-05-06T13:39:20.118+05:30  INFO 28164 --- [           main] .RepositoryConfigurationExtensionSupport : Spring Data Redis - Could not safely identify store assignment for repository candidate interface com.example.stockPortfolio.UserManagement.UserRepo; If you want this repository to be a Redis repository, consider annotating your entities with one of these annotations: org.springframework.data.redis.core.RedisHash (preferred), or consider extending one of the following types with your repository: org.springframework.data.keyvalue.repository.KeyValueRepository
2026-05-06T13:39:20.118+05:30  INFO 28164 --- [           main] .RepositoryConfigurationExtensionSupport : Spring Data Redis - Could not safely identify store assignment for repository candidate interface com.example.stockPortfolio.WatchlistManagement.WatchlistRepo; If you want this repository to be a Redis repository, consider annotating your entities with one of these annotations: org.springframework.data.redis.core.RedisHash (preferred), or consider extending one of the following types with your repository: org.springframework.data.keyvalue.repository.KeyValueRepository
2026-05-06T13:39:20.118+05:30  INFO 28164 --- [           main] .s.d.r.c.RepositoryConfigurationDelegate : Finished Spring Data repository scanning in 7 ms. Found 0 Redis repository interfaces.
WARNING: A restricted method in java.lang.System has been called
WARNING: java.lang.System::load has been called by org.apache.tomcat.jni.Library in an unnamed module (file:/Users/devanshdubey/.m2/repository/org/apache/tomcat/embed/tomcat-embed-core/10.1.41/tomcat-embed-core-10.1.41.jar)
WARNING: Use --enable-native-access=ALL-UNNAMED to avoid a warning for callers in this module
WARNING: Restricted methods will be blocked in a future release unless native access is enabled

2026-05-06T13:39:20.650+05:30  INFO 28164 --- [           main] o.s.b.w.embedded.tomcat.TomcatWebServer  : Tomcat initialized with port 8080 (http)
2026-05-06T13:39:20.659+05:30  INFO 28164 --- [           main] o.apache.catalina.core.StandardService   : Starting service [Tomcat]
2026-05-06T13:39:20.659+05:30  INFO 28164 --- [           main] o.apache.catalina.core.StandardEngine    : Starting Servlet engine: [Apache Tomcat/10.1.41]
2026-05-06T13:39:20.694+05:30  INFO 28164 --- [           main] o.a.c.c.C.[Tomcat].[localhost].[/]       : Initializing Spring embedded WebApplicationContext
2026-05-06T13:39:20.694+05:30  INFO 28164 --- [           main] w.s.c.ServletWebServerApplicationContext : Root WebApplicationContext: initialization completed in 1276 ms
2026-05-06T13:39:20.893+05:30  INFO 28164 --- [           main] o.hibernate.jpa.internal.util.LogHelper  : HHH000204: Processing PersistenceUnitInfo [name: default]
2026-05-06T13:39:20.924+05:30  INFO 28164 --- [           main] org.hibernate.Version                    : HHH000412: Hibernate ORM core version 6.5.3.Final
2026-05-06T13:39:20.948+05:30  INFO 28164 --- [           main] o.h.c.internal.RegionFactoryInitiator    : HHH000026: Second-level cache disabled
2026-05-06T13:39:21.106+05:30  INFO 28164 --- [           main] o.s.o.j.p.SpringPersistenceUnitInfo      : No LoadTimeWeaver setup: ignoring JPA class transformer
2026-05-06T13:39:21.118+05:30  INFO 28164 --- [           main] com.zaxxer.hikari.HikariDataSource       : HikariPool-1 - Starting...
2026-05-06T13:39:21.215+05:30  INFO 28164 --- [           main] com.zaxxer.hikari.pool.HikariPool        : HikariPool-1 - Added connection conn0: url=jdbc:h2:mem:stocksdb user=SA
2026-05-06T13:39:21.216+05:30  INFO 28164 --- [           main] com.zaxxer.hikari.HikariDataSource       : HikariPool-1 - Start completed.
2026-05-06T13:39:21.230+05:30  WARN 28164 --- [           main] org.hibernate.orm.deprecation            : HHH90000025: H2Dialect does not need to be specified explicitly using 'hibernate.dialect' (remove the property setting and it will be selected by default)
2026-05-06T13:39:21.725+05:30  INFO 28164 --- [           main] o.h.e.t.j.p.i.JtaPlatformInitiator       : HHH000489: No JTA platform available (set 'hibernate.transaction.jta.platform' to enable JTA platform integration)
2026-05-06T13:39:21.759+05:30  INFO 28164 --- [           main] j.LocalContainerEntityManagerFactoryBean : Initialized JPA EntityManagerFactory for persistence unit 'default'
2026-05-06T13:39:21.895+05:30  INFO 28164 --- [           main] o.s.d.j.r.query.QueryEnhancerFactory     : Hibernate is in classpath; If applicable, HQL parser will be used.
2026-05-06T13:39:22.503+05:30  INFO 28164 --- [           main] r$InitializeUserDetailsManagerConfigurer : Global AuthenticationManager configured with UserDetailsService bean with name customUserDetailsService
2026-05-06T13:39:23.014+05:30  WARN 28164 --- [           main] JpaBaseConfiguration$JpaWebConfiguration : spring.jpa.open-in-view is enabled by default. Therefore, database queries may be performed during view rendering. Explicitly configure spring.jpa.open-in-view to disable this warning
2026-05-06T13:39:23.279+05:30  INFO 28164 --- [           main] o.s.b.a.e.web.EndpointLinksResolver      : Exposing 4 endpoints beneath base path '/actuator'
2026-05-06T13:39:23.857+05:30  INFO 28164 --- [           main] o.s.b.a.h2.H2ConsoleAutoConfiguration    : H2 console available at '/h2-console'. Database available at 'jdbc:h2:mem:stocksdb'
2026-05-06T13:39:23.929+05:30  INFO 28164 --- [           main] o.s.b.w.embedded.tomcat.TomcatWebServer  : Tomcat started on port 8080 (http) with context path '/'
2026-05-06T13:39:23.942+05:30  INFO 28164 --- [           main] c.e.s.StockPortfolioApplication          : Started StockPortfolioApplication in 4.718 seconds (process running for 4.897)
2026-05-06T13:39:23.996+05:30  INFO 28164 --- [   scheduling-1] c.e.s.M.MarketDataScheduler              : Starting AI Insight precomputation cycle...
2026-05-06T13:39:24.344+05:30 ERROR 28164 --- [pool-5-thread-1] c.e.s.AiManagement.service.GroqGateway   : Groq API request failed: 401 Unauthorized: [no body]
2026-05-06T13:39:24.344+05:30 ERROR 28164 --- [pool-5-thread-2] c.e.s.AiManagement.service.GroqGateway   : Groq API request failed: 401 Unauthorized: [no body]
2026-05-06T13:39:24.344+05:30 ERROR 28164 --- [   scheduling-1] c.e.s.AiManagement.service.GroqGateway   : Groq API request failed: 401 Unauthorized: [no body]
2026-05-06T13:39:24.344+05:30 ERROR 28164 --- [   scheduling-1] c.e.s.AiManagement.service.AiService     : Failed to generate vault scenario: argument "content" is null
2026-05-06T13:39:24.482+05:30 ERROR 28164 --- [   scheduling-1] c.e.s.AiManagement.service.GroqGateway   : Groq API request failed: 401 Unauthorized: [no body]
2026-05-06T13:39:24.549+05:30 ERROR 28164 --- [   scheduling-1] c.e.s.AiManagement.service.GroqGateway   : Groq API request failed: 401 Unauthorized: [no body]
2026-05-06T13:39:24.639+05:30 ERROR 28164 --- [   scheduling-1] c.e.s.AiManagement.service.GroqGateway   : Groq API request failed: 401 Unauthorized: [no body]
2026-05-06T13:39:24.730+05:30 ERROR 28164 --- [   scheduling-1] c.e.s.AiManagement.service.GroqGateway   : Groq API request failed: 401 Unauthorized: [no body]
2026-05-06T13:39:24.818+05:30 ERROR 28164 --- [   scheduling-1] c.e.s.AiManagement.service.GroqGateway   : Groq API request failed: 401 Unauthorized: [no body]
2026-05-06T13:39:24.892+05:30 ERROR 28164 --- [   scheduling-1] c.e.s.AiManagement.service.GroqGateway   : Groq API request failed: 401 Unauthorized: [no body]
2026-05-06T13:39:24.983+05:30 ERROR 28164 --- [   scheduling-1] c.e.s.AiManagement.service.GroqGateway   : Groq API request failed: 401 Unauthorized: [no body]
2026-05-06T13:39:25.072+05:30 ERROR 28164 --- [   scheduling-1] c.e.s.AiManagement.service.GroqGateway   : Groq API request failed: 401 Unauthorized: [no body]
2026-05-06T13:39:25.075+05:30  INFO 28164 --- [   scheduling-1] c.e.s.M.MarketDataScheduler              : AI Insight precomputation cycle complete.
2026-05-06T13:39:25.092+05:30  INFO 28164 --- [   scheduling-1] c.e.s.M.MarketDataScheduler              : Starting hydrateMarketMirror cycle. HighPriorityIndex: 0, NormalIndex: 0, ChartCycle: 0/5
2026-05-06T13:39:25.097+05:30  INFO 28164 --- [   scheduling-1] c.e.s.M.MarketDataScheduler              : Hydration cycle complete. Processed 24 unique symbols. Success: 0
2026-05-06T13:39:25.203+05:30  INFO 28164 --- [   scheduling-1] c.e.s.MarketManagement.ForexService      : Refreshed USD→INR rate: 95.312484
2026-05-06T13:39:25.872+05:30  INFO 28164 --- [   scheduling-1] c.e.s.ContentManagement.ContentService   : Refreshed content cache for 'inflation india' (3 items)
2026-05-06T13:39:26.351+05:30  INFO 28164 --- [   scheduling-1] c.e.s.ContentManagement.ContentService   : Refreshed content cache for 'rbi monetary policy' (3 items)
2026-05-06T13:39:26.858+05:30  INFO 28164 --- [   scheduling-1] c.e.s.ContentManagement.ContentService   : Refreshed content cache for 'us tech stocks' (3 items)
2026-05-06T13:39:26.859+05:30  INFO 28164 --- [   scheduling-1] c.e.s.M.MarketDataScheduler              : Hydrating news mirror...
2026-05-06T13:39:27.582+05:30  INFO 28164 --- [   scheduling-1] c.e.s.M.MarketDataScheduler              : News hydration completed.
2026-05-06T13:40:07.739+05:30  INFO 28164 --- [nio-8080-exec-1] o.a.c.c.C.[Tomcat].[localhost].[/]       : Initializing Spring DispatcherServlet 'dispatcherServlet'
2026-05-06T13:40:07.739+05:30  INFO 28164 --- [nio-8080-exec-1] o.s.web.servlet.DispatcherServlet        : Initializing Servlet 'dispatcherServlet'
2026-05-06T13:40:07.752+05:30  INFO 28164 --- [nio-8080-exec-1] o.s.web.servlet.DispatcherServlet        : Completed initialization in 13 ms
2026-05-06T13:40:23.961+05:30  INFO 28164 --- [   scheduling-1] c.e.s.M.MarketDataScheduler              : Starting hydrateMarketMirror cycle. HighPriorityIndex: 0, NormalIndex: 20, ChartCycle: 1/5
2026-05-06T13:40:23.980+05:30  INFO 28164 --- [   scheduling-1] c.e.s.M.MarketDataScheduler              : Hydration cycle complete. Processed 24 unique symbols. Success: 0
2026-05-06T13:41:23.948+05:30  INFO 28164 --- [   scheduling-1] c.e.s.M.MarketDataScheduler              : Starting hydrateMarketMirror cycle. HighPriorityIndex: 0, NormalIndex: 3, ChartCycle: 2/5
2026-05-06T13:41:23.952+05:30  INFO 28164 --- [   scheduling-1] c.e.s.M.MarketDataScheduler              : Hydration cycle complete. Processed 24 unique symbols. Success: 0
2026-05-06T13:42:23.969+05:30  INFO 28164 --- [   scheduling-1] c.e.s.M.MarketDataScheduler              : Starting hydrateMarketMirror cycle. HighPriorityIndex: 0, NormalIndex: 23, ChartCycle: 3/5
2026-05-06T13:42:23.973+05:30  INFO 28164 --- [   scheduling-1] c.e.s.M.MarketDataScheduler              : Hydration cycle complete. Processed 26 unique symbols. Success: 0
2026-05-06T13:43:23.947+05:30  INFO 28164 --- [   scheduling-1] c.e.s.M.MarketDataScheduler              : Starting hydrateMarketMirror cycle. HighPriorityIndex: 2, NormalIndex: 7, ChartCycle: 4/5
2026-05-06T13:43:23.958+05:30  INFO 28164 --- [   scheduling-1] c.e.s.M.MarketDataScheduler              : Triggering chart hydration cycle...
2026-05-06T13:43:27.890+05:30  WARN 28164 --- [   scheduling-1] c.e.s.M.ExternalMarketDataGateway        : Fallback triggered for news/list SPY: 403 Forbidden: "{"error":"You don't have access to this resource."}"
2026-05-06T13:43:31.508+05:30  WARN 28164 --- [   scheduling-1] c.e.s.M.ExternalMarketDataGateway        : Fallback triggered for news/list QQQ: RateLimiter 'finnhub' does not permit further calls
2026-05-06T13:43:34.516+05:30  WARN 28164 --- [   scheduling-1] c.e.s.M.ExternalMarketDataGateway        : Fallback triggered for news/list ^BSESN: RateLimiter 'finnhub' does not permit further calls
2026-05-06T13:43:37.523+05:30  WARN 28164 --- [   scheduling-1] c.e.s.M.ExternalMarketDataGateway        : Fallback triggered for news/list AMD: RateLimiter 'finnhub' does not permit further calls
2026-05-06T13:43:40.544+05:30  WARN 28164 --- [   scheduling-1] c.e.s.M.ExternalMarketDataGateway        : Fallback triggered for news/list INTC: RateLimiter 'finnhub' does not permit further calls
2026-05-06T13:43:40.545+05:30  WARN 28164 --- [   scheduling-1] c.e.s.M.ExternalMarketDataGateway        : Fallback triggered for news/list NFLX: CircuitBreaker 'finnhub' is OPEN and does not permit further calls
2026-05-06T13:43:40.545+05:30  WARN 28164 --- [   scheduling-1] c.e.s.M.ExternalMarketDataGateway        : Fallback triggered for news/list JPM: CircuitBreaker 'finnhub' is OPEN and does not permit further calls
2026-05-06T13:43:40.545+05:30  WARN 28164 --- [   scheduling-1] c.e.s.M.ExternalMarketDataGateway        : Fallback triggered for news/list V: CircuitBreaker 'finnhub' is OPEN and does not permit further calls
2026-05-06T13:43:40.545+05:30  WARN 28164 --- [   scheduling-1] c.e.s.M.ExternalMarketDataGateway        : Fallback triggered for news/list MA: CircuitBreaker 'finnhub' is OPEN and does not permit further calls
2026-05-06T13:43:40.545+05:30  WARN 28164 --- [   scheduling-1] c.e.s.M.ExternalMarketDataGateway        : Fallback triggered for news/list BAC: CircuitBreaker 'finnhub' is OPEN and does not permit further calls
2026-05-06T13:43:40.545+05:30  WARN 28164 --- [   scheduling-1] c.e.s.M.ExternalMarketDataGateway        : Fallback triggered for news/list XOM: CircuitBreaker 'finnhub' is OPEN and does not permit further calls
2026-05-06T13:43:40.545+05:30  WARN 28164 --- [   scheduling-1] c.e.s.M.ExternalMarketDataGateway        : Fallback triggered for news/list CVX: CircuitBreaker 'finnhub' is OPEN and does not permit further calls
2026-05-06T13:43:40.545+05:30  WARN 28164 --- [   scheduling-1] c.e.s.M.ExternalMarketDataGateway        : Fallback triggered for news/list JNJ: CircuitBreaker 'finnhub' is OPEN and does not permit further calls
2026-05-06T13:43:40.546+05:30  WARN 28164 --- [   scheduling-1] c.e.s.M.ExternalMarketDataGateway        : Fallback triggered for news/list UNH: CircuitBreaker 'finnhub' is OPEN and does not permit further calls
2026-05-06T13:43:40.546+05:30  WARN 28164 --- [   scheduling-1] c.e.s.M.ExternalMarketDataGateway        : Fallback triggered for news/list WMT: CircuitBreaker 'finnhub' is OPEN and does not permit further calls
2026-05-06T13:43:40.546+05:30  WARN 28164 --- [   scheduling-1] c.e.s.M.ExternalMarketDataGateway        : Fallback triggered for news/list PG: CircuitBreaker 'finnhub' is OPEN and does not permit further calls
2026-05-06T13:43:40.546+05:30  WARN 28164 --- [   scheduling-1] c.e.s.M.ExternalMarketDataGateway        : Fallback triggered for news/list CRM: CircuitBreaker 'finnhub' is OPEN and does not permit further calls
2026-05-06T13:43:40.546+05:30  WARN 28164 --- [   scheduling-1] c.e.s.M.ExternalMarketDataGateway        : Fallback triggered for news/list COST: CircuitBreaker 'finnhub' is OPEN and does not permit further calls
2026-05-06T13:43:40.546+05:30  WARN 28164 --- [   scheduling-1] c.e.s.M.ExternalMarketDataGateway        : Fallback triggered for news/list AVGO: CircuitBreaker 'finnhub' is OPEN and does not permit further calls
2026-05-06T13:43:40.546+05:30  WARN 28164 --- [   scheduling-1] c.e.s.M.ExternalMarketDataGateway        : Fallback triggered for news/list F: CircuitBreaker 'finnhub' is OPEN and does not permit further calls
2026-05-06T13:43:40.546+05:30  WARN 28164 --- [   scheduling-1] c.e.s.M.ExternalMarketDataGateway        : Fallback triggered for news/list GM: CircuitBreaker 'finnhub' is OPEN and does not permit further calls
2026-05-06T13:43:40.546+05:30  WARN 28164 --- [   scheduling-1] c.e.s.M.ExternalMarketDataGateway        : Fallback triggered for news/list SLB: CircuitBreaker 'finnhub' is OPEN and does not permit further calls
2026-05-06T13:43:40.546+05:30  WARN 28164 --- [   scheduling-1] c.e.s.M.ExternalMarketDataGateway        : Fallback triggered for news/list DIA: CircuitBreaker 'finnhub' is OPEN and does not permit further calls
2026-05-06T13:43:40.548+05:30  INFO 28164 --- [   scheduling-1] c.e.s.M.MarketDataScheduler              : Hydration cycle complete. Processed 26 unique symbols. Success: 22
2026-05-06T13:44:23.945+05:30  INFO 28164 --- [   scheduling-1] c.e.s.M.MarketDataScheduler              : Starting hydrateMarketMirror cycle. HighPriorityIndex: 4, NormalIndex: 27, ChartCycle: 0/5
2026-05-06T13:44:23.963+05:30  INFO 28164 --- [   scheduling-1] c.e.s.M.MarketDataScheduler              : Hydration cycle complete. Processed 24 unique symbols. Success: 0
2026-05-06T13:44:24.288+05:30  WARN 28164 --- [pool-4-thread-3] c.e.s.M.ExternalMarketDataGateway        : Fallback triggered for quote INTC: CircuitBreaker 'finnhub' is HALF_OPEN and does not permit further calls
2026-05-06T13:45:23.961+05:30  INFO 28164 --- [   scheduling-1] c.e.s.M.MarketDataScheduler              : Starting hydrateMarketMirror cycle. HighPriorityIndex: 0, NormalIndex: 9, ChartCycle: 1/5
2026-05-06T13:45:23.969+05:30  INFO 28164 --- [   scheduling-1] c.e.s.M.MarketDataScheduler              : Hydration cycle complete. Processed 24 unique symbols. Success: 0
2026-05-06T13:46:23.941+05:30  INFO 28164 --- [   scheduling-1] c.e.s.M.MarketDataScheduler              : Starting hydrateMarketMirror cycle. HighPriorityIndex: 0, NormalIndex: 29, ChartCycle: 2/5
2026-05-06T13:46:23.960+05:30  INFO 28164 --- [   scheduling-1] c.e.s.M.MarketDataScheduler              : Hydration cycle complete. Processed 24 unique symbols. Success: 0
2026-05-06T13:47:23.940+05:30  INFO 28164 --- [   scheduling-1] c.e.s.M.MarketDataScheduler              : Starting hydrateMarketMirror cycle. HighPriorityIndex: 0, NormalIndex: 11, ChartCycle: 3/5
2026-05-06T13:47:23.956+05:30  INFO 28164 --- [   scheduling-1] c.e.s.M.MarketDataScheduler              : Hydration cycle complete. Processed 24 unique symbols. Success: 0
2026-05-06T13:48:23.956+05:30  INFO 28164 --- [   scheduling-1] c.e.s.M.MarketDataScheduler              : Starting hydrateMarketMirror cycle. HighPriorityIndex: 0, NormalIndex: 31, ChartCycle: 4/5
2026-05-06T13:48:23.960+05:30  INFO 28164 --- [   scheduling-1] c.e.s.M.MarketDataScheduler              : Triggering chart hydration cycle...
2026-05-06T13:48:27.994+05:30  WARN 28164 --- [   scheduling-1] c.e.s.M.ExternalMarketDataGateway        : Fallback triggered for news/list AAPL: 403 Forbidden: "{"error":"You don't have access to this resource."}"
2026-05-06T13:48:32.207+05:30  WARN 28164 --- [   scheduling-1] c.e.s.M.ExternalMarketDataGateway        : Fallback triggered for news/list MSFT: 403 Forbidden: "{"error":"You don't have access to this resource."}"
2026-05-06T13:48:35.215+05:30  WARN 28164 --- [   scheduling-1] c.e.s.M.ExternalMarketDataGateway        : Fallback triggered for news/list NVDA: RateLimiter 'finnhub' does not permit further calls
2026-05-06T13:48:38.224+05:30  WARN 28164 --- [   scheduling-1] c.e.s.M.ExternalMarketDataGateway        : Fallback triggered for news/list TSLA: RateLimiter 'finnhub' does not permit further calls
2026-05-06T13:48:41.228+05:30  WARN 28164 --- [   scheduling-1] c.e.s.M.ExternalMarketDataGateway        : Fallback triggered for news/list META: RateLimiter 'finnhub' does not permit further calls
2026-05-06T13:48:41.229+05:30  WARN 28164 --- [   scheduling-1] c.e.s.M.ExternalMarketDataGateway        : Fallback triggered for news/list AMZN: CircuitBreaker 'finnhub' is OPEN and does not permit further calls
2026-05-06T13:48:41.229+05:30  WARN 28164 --- [   scheduling-1] c.e.s.M.ExternalMarketDataGateway        : Fallback triggered for news/list GOOGL: CircuitBreaker 'finnhub' is OPEN and does not permit further calls
2026-05-06T13:48:41.229+05:30  WARN 28164 --- [   scheduling-1] c.e.s.M.ExternalMarketDataGateway        : Fallback triggered for news/list AMD: CircuitBreaker 'finnhub' is OPEN and does not permit further calls
2026-05-06T13:48:41.229+05:30  WARN 28164 --- [   scheduling-1] c.e.s.M.ExternalMarketDataGateway        : Fallback triggered for news/list INTC: CircuitBreaker 'finnhub' is OPEN and does not permit further calls
2026-05-06T13:48:41.230+05:30  WARN 28164 --- [   scheduling-1] c.e.s.M.ExternalMarketDataGateway        : Fallback triggered for news/list NFLX: CircuitBreaker 'finnhub' is OPEN and does not permit further calls
2026-05-06T13:48:41.230+05:30  WARN 28164 --- [   scheduling-1] c.e.s.M.ExternalMarketDataGateway        : Fallback triggered for news/list JPM: CircuitBreaker 'finnhub' is OPEN and does not permit further calls
2026-05-06T13:48:41.230+05:30  WARN 28164 --- [   scheduling-1] c.e.s.M.ExternalMarketDataGateway        : Fallback triggered for news/list V: CircuitBreaker 'finnhub' is OPEN and does not permit further calls
2026-05-06T13:48:41.230+05:30  WARN 28164 --- [   scheduling-1] c.e.s.M.ExternalMarketDataGateway        : Fallback triggered for news/list MA: CircuitBreaker 'finnhub' is OPEN and does not permit further calls
2026-05-06T13:48:41.231+05:30  INFO 28164 --- [   scheduling-1] c.e.s.M.MarketDataScheduler              : Hydration cycle complete. Processed 24 unique symbols. Success: 13
2026-05-06T13:49:23.938+05:30  INFO 28164 --- [   scheduling-1] c.e.s.M.MarketDataScheduler              : Starting hydrateMarketMirror cycle. HighPriorityIndex: 0, NormalIndex: 13, ChartCycle: 0/5
2026-05-06T13:49:23.960+05:30  INFO 28164 --- [   scheduling-1] c.e.s.M.MarketDataScheduler              : Hydration cycle complete. Processed 24 unique symbols. Success: 0
2026-05-06T13:49:24.097+05:30  INFO 28164 --- [   scheduling-1] c.e.s.MarketManagement.ForexService      : Refreshed USD→INR rate: 95.312484
2026-05-06T13:49:24.279+05:30  WARN 28164 --- [pool-4-thread-7] c.e.s.M.ExternalMarketDataGateway        : Fallback triggered for quote F: CircuitBreaker 'finnhub' is HALF_OPEN and does not permit further calls
2026-05-06T13:49:24.280+05:30  WARN 28164 --- [pool-4-thread-7] c.e.s.M.ExternalMarketDataGateway        : Fallback triggered for quote GM: CircuitBreaker 'finnhub' is HALF_OPEN and does not permit further calls
2026-05-06T13:49:24.280+05:30  WARN 28164 --- [pool-4-thread-7] c.e.s.M.ExternalMarketDataGateway        : Fallback triggered for quote SLB: CircuitBreaker 'finnhub' is HALF_OPEN and does not permit further calls
2026-05-06T13:49:24.280+05:30  WARN 28164 --- [pool-4-thread-7] c.e.s.M.ExternalMarketDataGateway        : Fallback triggered for quote SPY: CircuitBreaker 'finnhub' is HALF_OPEN and does not permit further calls
2026-05-06T13:49:24.280+05:30  WARN 28164 --- [pool-4-thread-7] c.e.s.M.ExternalMarketDataGateway        : Fallback triggered for quote QQQ: CircuitBreaker 'finnhub' is HALF_OPEN and does not permit further calls
2026-05-06T13:49:24.280+05:30  WARN 28164 --- [pool-4-thread-7] c.e.s.M.ExternalMarketDataGateway        : Fallback triggered for quote DIA: CircuitBreaker 'finnhub' is HALF_OPEN and does not permit further calls
2026-05-06T13:49:24.652+05:30  INFO 28164 --- [   scheduling-1] c.e.s.ContentManagement.ContentService   : Refreshed content cache for 'inflation india' (3 items)
2026-05-06T13:49:25.163+05:30  INFO 28164 --- [   scheduling-1] c.e.s.ContentManagement.ContentService   : Refreshed content cache for 'rbi monetary policy' (3 items)
2026-05-06T13:49:25.573+05:30  INFO 28164 --- [   scheduling-1] c.e.s.ContentManagement.ContentService   : Refreshed content cache for 'us tech stocks' (3 items)
2026-05-06T13:50:23.926+05:30  INFO 28164 --- [   scheduling-1] c.e.s.M.MarketDataScheduler              : Starting hydrateMarketMirror cycle. HighPriorityIndex: 0, NormalIndex: 33, ChartCycle: 1/5
2026-05-06T13:50:23.938+05:30  INFO 28164 --- [   scheduling-1] c.e.s.M.MarketDataScheduler              : Hydration cycle complete. Processed 24 unique symbols. Success: 0
2026-05-06T13:51:23.947+05:30  INFO 28164 --- [   scheduling-1] c.e.s.M.MarketDataScheduler              : Starting hydrateMarketMirror cycle. HighPriorityIndex: 0, NormalIndex: 15, ChartCycle: 2/5
2026-05-06T13:51:23.952+05:30  INFO 28164 --- [   scheduling-1] c.e.s.M.MarketDataScheduler              : Hydration cycle complete. Processed 24 unique symbols. Success: 0
2026-05-06T13:52:23.934+05:30  INFO 28164 --- [   scheduling-1] c.e.s.M.MarketDataScheduler              : Starting hydrateMarketMirror cycle. HighPriorityIndex: 0, NormalIndex: 35, ChartCycle: 3/5
2026-05-06T13:52:23.947+05:30  INFO 28164 --- [   scheduling-1] c.e.s.M.MarketDataScheduler              : Hydration cycle complete. Processed 24 unique symbols. Success: 0
2026-05-06T13:53:23.942+05:30  INFO 28164 --- [   scheduling-1] c.e.s.M.MarketDataScheduler              : Starting hydrateMarketMirror cycle. HighPriorityIndex: 0, NormalIndex: 17, ChartCycle: 4/5
2026-05-06T13:53:23.965+05:30  INFO 28164 --- [   scheduling-1] c.e.s.M.MarketDataScheduler              : Triggering chart hydration cycle...
2026-05-06T13:53:28.236+05:30  WARN 28164 --- [   scheduling-1] c.e.s.M.ExternalMarketDataGateway        : Fallback triggered for news/list UNH: 403 Forbidden: "{"error":"You don't have access to this resource."}"
2026-05-06T13:53:32.419+05:30  WARN 28164 --- [   scheduling-1] c.e.s.M.ExternalMarketDataGateway        : Fallback triggered for news/list WMT: 403 Forbidden: "{"error":"You don't have access to this resource."}"
2026-05-06T13:53:36.625+05:30  WARN 28164 --- [   scheduling-1] c.e.s.M.ExternalMarketDataGateway        : Fallback triggered for news/list PG: 403 Forbidden: "{"error":"You don't have access to this resource."}"
2026-05-06T13:53:40.756+05:30  WARN 28164 --- [   scheduling-1] c.e.s.M.ExternalMarketDataGateway        : Fallback triggered for news/list CRM: 403 Forbidden: "{"error":"You don't have access to this resource."}"
2026-05-06T13:53:44.502+05:30  WARN 28164 --- [   scheduling-1] c.e.s.M.ExternalMarketDataGateway        : Fallback triggered for news/list COST: RateLimiter 'finnhub' does not permit further calls
2026-05-06T13:53:44.502+05:30  WARN 28164 --- [   scheduling-1] c.e.s.M.ExternalMarketDataGateway        : Fallback triggered for news/list AVGO: CircuitBreaker 'finnhub' is OPEN and does not permit further calls
2026-05-06T13:53:44.502+05:30  WARN 28164 --- [   scheduling-1] c.e.s.M.ExternalMarketDataGateway        : Fallback triggered for news/list F: CircuitBreaker 'finnhub' is OPEN and does not permit further calls
2026-05-06T13:53:44.502+05:30  WARN 28164 --- [   scheduling-1] c.e.s.M.ExternalMarketDataGateway        : Fallback triggered for news/list GM: CircuitBreaker 'finnhub' is OPEN and does not permit further calls
2026-05-06T13:53:44.503+05:30  WARN 28164 --- [   scheduling-1] c.e.s.M.ExternalMarketDataGateway        : Fallback triggered for news/list SLB: CircuitBreaker 'finnhub' is OPEN and does not permit further calls
2026-05-06T13:53:44.503+05:30  WARN 28164 --- [   scheduling-1] c.e.s.M.ExternalMarketDataGateway        : Fallback triggered for news/list SPY: CircuitBreaker 'finnhub' is OPEN and does not permit further calls
2026-05-06T13:53:44.503+05:30  WARN 28164 --- [   scheduling-1] c.e.s.M.ExternalMarketDataGateway        : Fallback triggered for news/list QQQ: CircuitBreaker 'finnhub' is OPEN and does not permit further calls
2026-05-06T13:53:44.503+05:30  WARN 28164 --- [   scheduling-1] c.e.s.M.ExternalMarketDataGateway        : Fallback triggered for news/list DIA: CircuitBreaker 'finnhub' is OPEN and does not permit further calls
2026-05-06T13:53:44.503+05:30  WARN 28164 --- [   scheduling-1] c.e.s.M.ExternalMarketDataGateway        : Fallback triggered for news/list INFY.NS: CircuitBreaker 'finnhub' is OPEN and does not permit further calls
2026-05-06T13:53:44.503+05:30  WARN 28164 --- [   scheduling-1] c.e.s.M.ExternalMarketDataGateway        : Fallback triggered for news/list TCS.NS: CircuitBreaker 'finnhub' is OPEN and does not permit further calls
2026-05-06T13:53:44.503+05:30  WARN 28164 --- [   scheduling-1] c.e.s.M.ExternalMarketDataGateway        : Fallback triggered for news/list HDFCBANK.NS: CircuitBreaker 'finnhub' is OPEN and does not permit further calls
2026-05-06T13:53:44.503+05:30  WARN 28164 --- [   scheduling-1] c.e.s.M.ExternalMarketDataGateway        : Fallback triggered for news/list SBIN.NS: CircuitBreaker 'finnhub' is OPEN and does not permit further calls
2026-05-06T13:53:44.503+05:30  WARN 28164 --- [   scheduling-1] c.e.s.M.ExternalMarketDataGateway        : Fallback triggered for news/list ICICIBANK.NS: CircuitBreaker 'finnhub' is OPEN and does not permit further calls
2026-05-06T13:53:44.504+05:30  WARN 28164 --- [   scheduling-1] c.e.s.M.ExternalMarketDataGateway        : Fallback triggered for news/list ITC.NS: CircuitBreaker 'finnhub' is OPEN and does not permit further calls
2026-05-06T13:53:44.504+05:30  WARN 28164 --- [   scheduling-1] c.e.s.M.ExternalMarketDataGateway        : Fallback triggered for news/list LT.NS: CircuitBreaker 'finnhub' is OPEN and does not permit further calls
2026-05-06T13:53:44.504+05:30  WARN 28164 --- [   scheduling-1] c.e.s.M.ExternalMarketDataGateway        : Fallback triggered for news/list TATAMOTORS.NS: CircuitBreaker 'finnhub' is OPEN and does not permit further calls
2026-05-06T13:53:44.507+05:30  INFO 28164 --- [   scheduling-1] c.e.s.M.MarketDataScheduler              : Hydration cycle complete. Processed 24 unique symbols. Success: 12
2026-05-06T13:54:23.939+05:30  INFO 28164 --- [   scheduling-1] c.e.s.M.MarketDataScheduler              : Starting hydrateMarketMirror cycle. HighPriorityIndex: 0, NormalIndex: 37, ChartCycle: 0/5
2026-05-06T13:54:23.944+05:30  INFO 28164 --- [   scheduling-1] c.e.s.M.MarketDataScheduler              : Hydration cycle complete. Processed 24 unique symbols. Success: 0
2026-05-06T13:54:24.285+05:30  WARN 28164 --- [pool-4-thread-2] c.e.s.M.ExternalMarketDataGateway        : Fallback triggered for quote JPM: CircuitBreaker 'finnhub' is HALF_OPEN and does not permit further calls
2026-05-06T13:54:24.286+05:30  WARN 28164 --- [pool-4-thread-2] c.e.s.M.ExternalMarketDataGateway        : Fallback triggered for quote V: CircuitBreaker 'finnhub' is HALF_OPEN and does not permit further calls
2026-05-06T13:54:24.286+05:30  WARN 28164 --- [pool-4-thread-2] c.e.s.M.ExternalMarketDataGateway        : Fallback triggered for quote MA: CircuitBreaker 'finnhub' is HALF_OPEN and does not permit further calls
2026-05-06T13:54:24.287+05:30  WARN 28164 --- [pool-4-thread-2] c.e.s.M.ExternalMarketDataGateway        : Fallback triggered for quote BAC: CircuitBreaker 'finnhub' is HALF_OPEN and does not permit further calls
2026-05-06T13:54:24.287+05:30  WARN 28164 --- [pool-4-thread-2] c.e.s.M.ExternalMarketDataGateway        : Fallback triggered for quote XOM: CircuitBreaker 'finnhub' is HALF_OPEN and does not permit further calls
2026-05-06T13:54:24.289+05:30  WARN 28164 --- [pool-4-thread-2] c.e.s.M.ExternalMarketDataGateway        : Fallback triggered for quote CVX: CircuitBreaker 'finnhub' is HALF_OPEN and does not permit further calls
2026-05-06T13:54:24.289+05:30  WARN 28164 --- [pool-4-thread-2] c.e.s.M.ExternalMarketDataGateway        : Fallback triggered for quote JNJ: CircuitBreaker 'finnhub' is HALF_OPEN and does not permit further calls
2026-05-06T13:54:24.290+05:30  WARN 28164 --- [pool-4-thread-2] c.e.s.M.ExternalMarketDataGateway        : Fallback triggered for quote UNH: CircuitBreaker 'finnhub' is HALF_OPEN and does not permit further calls
2026-05-06T13:54:24.290+05:30  WARN 28164 --- [pool-4-thread-2] c.e.s.M.ExternalMarketDataGateway        : Fallback triggered for quote WMT: CircuitBreaker 'finnhub' is HALF_OPEN and does not permit further calls
2026-05-06T13:55:23.933+05:30  INFO 28164 --- [   scheduling-1] c.e.s.M.MarketDataScheduler              : Starting hydrateMarketMirror cycle. HighPriorityIndex: 0, NormalIndex: 19, ChartCycle: 1/5
2026-05-06T13:55:23.967+05:30  INFO 28164 --- [   scheduling-1] c.e.s.M.MarketDataScheduler              : Hydration cycle complete. Processed 24 unique symbols. Success: 0
2026-05-06T13:56:23.930+05:30  INFO 28164 --- [   scheduling-1] c.e.s.M.MarketDataScheduler              : Starting hydrateMarketMirror cycle. HighPriorityIndex: 0, NormalIndex: 1, ChartCycle: 2/5
2026-05-06T13:56:23.947+05:30  INFO 28164 --- [   scheduling-1] c.e.s.M.MarketDataScheduler              : Hydration cycle complete. Processed 24 unique symbols. Success: 0
2026-05-06T13:57:23.947+05:30  INFO 28164 --- [   scheduling-1] c.e.s.M.MarketDataScheduler              : Starting hydrateMarketMirror cycle. HighPriorityIndex: 0, NormalIndex: 21, ChartCycle: 3/5
2026-05-06T13:57:23.951+05:30  INFO 28164 --- [   scheduling-1] c.e.s.M.MarketDataScheduler              : Hydration cycle complete. Processed 24 unique symbols. Success: 0
2026-05-06T13:58:23.928+05:30  INFO 28164 --- [   scheduling-1] c.e.s.M.MarketDataScheduler              : Starting hydrateMarketMirror cycle. HighPriorityIndex: 0, NormalIndex: 3, ChartCycle: 4/5
2026-05-06T13:58:23.948+05:30  INFO 28164 --- [   scheduling-1] c.e.s.M.MarketDataScheduler              : Triggering chart hydration cycle...
2026-05-06T13:58:28.153+05:30  WARN 28164 --- [   scheduling-1] c.e.s.M.ExternalMarketDataGateway        : Fallback triggered for news/list TSLA: 403 Forbidden: "{"error":"You don't have access to this resource."}"
2026-05-06T13:58:32.397+05:30  WARN 28164 --- [   scheduling-1] c.e.s.M.ExternalMarketDataGateway        : Fallback triggered for news/list META: 403 Forbidden: "{"error":"You don't have access to this resource."}"
2026-05-06T13:58:35.406+05:30  WARN 28164 --- [   scheduling-1] c.e.s.M.ExternalMarketDataGateway        : Fallback triggered for news/list AMZN: RateLimiter 'finnhub' does not permit further calls
2026-05-06T13:58:38.421+05:30  WARN 28164 --- [   scheduling-1] c.e.s.M.ExternalMarketDataGateway        : Fallback triggered for news/list GOOGL: RateLimiter 'finnhub' does not permit further calls
2026-05-06T13:58:41.440+05:30  WARN 28164 --- [   scheduling-1] c.e.s.M.ExternalMarketDataGateway        : Fallback triggered for news/list AMD: RateLimiter 'finnhub' does not permit further calls
2026-05-06T13:58:41.441+05:30  WARN 28164 --- [   scheduling-1] c.e.s.M.ExternalMarketDataGateway        : Fallback triggered for news/list INTC: CircuitBreaker 'finnhub' is OPEN and does not permit further calls
2026-05-06T13:58:41.441+05:30  WARN 28164 --- [   scheduling-1] c.e.s.M.ExternalMarketDataGateway        : Fallback triggered for news/list NFLX: CircuitBreaker 'finnhub' is OPEN and does not permit further calls
2026-05-06T13:58:41.445+05:30  WARN 28164 --- [   scheduling-1] c.e.s.M.ExternalMarketDataGateway        : Fallback triggered for news/list JPM: CircuitBreaker 'finnhub' is OPEN and does not permit further calls
2026-05-06T13:58:41.445+05:30  WARN 28164 --- [   scheduling-1] c.e.s.M.ExternalMarketDataGateway        : Fallback triggered for news/list V: CircuitBreaker 'finnhub' is OPEN and does not permit further calls
2026-05-06T13:58:41.445+05:30  WARN 28164 --- [   scheduling-1] c.e.s.M.ExternalMarketDataGateway        : Fallback triggered for news/list MA: CircuitBreaker 'finnhub' is OPEN and does not permit further calls
2026-05-06T13:58:41.445+05:30  WARN 28164 --- [   scheduling-1] c.e.s.M.ExternalMarketDataGateway        : Fallback triggered for news/list BAC: CircuitBreaker 'finnhub' is OPEN and does not permit further calls
2026-05-06T13:58:41.446+05:30  WARN 28164 --- [   scheduling-1] c.e.s.M.ExternalMarketDataGateway        : Fallback triggered for news/list XOM: CircuitBreaker 'finnhub' is OPEN and does not permit further calls
2026-05-06T13:58:41.446+05:30  WARN 28164 --- [   scheduling-1] c.e.s.M.ExternalMarketDataGateway        : Fallback triggered for news/list CVX: CircuitBreaker 'finnhub' is OPEN and does not permit further calls
2026-05-06T13:58:41.446+05:30  WARN 28164 --- [   scheduling-1] c.e.s.M.ExternalMarketDataGateway        : Fallback triggered for news/list JNJ: CircuitBreaker 'finnhub' is OPEN and does not permit further calls
2026-05-06T13:58:41.446+05:30  WARN 28164 --- [   scheduling-1] c.e.s.M.ExternalMarketDataGateway        : Fallback triggered for news/list UNH: CircuitBreaker 'finnhub' is OPEN and does not permit further calls
2026-05-06T13:58:41.446+05:30  WARN 28164 --- [   scheduling-1] c.e.s.M.ExternalMarketDataGateway        : Fallback triggered for news/list WMT: CircuitBreaker 'finnhub' is OPEN and does not permit further calls
2026-05-06T13:58:41.446+05:30  WARN 28164 --- [   scheduling-1] c.e.s.M.ExternalMarketDataGateway        : Fallback triggered for news/list PG: CircuitBreaker 'finnhub' is OPEN and does not permit further calls
2026-05-06T13:58:41.446+05:30  WARN 28164 --- [   scheduling-1] c.e.s.M.ExternalMarketDataGateway        : Fallback triggered for news/list CRM: CircuitBreaker 'finnhub' is OPEN and does not permit further calls
2026-05-06T13:58:41.447+05:30  WARN 28164 --- [   scheduling-1] c.e.s.M.ExternalMarketDataGateway        : Fallback triggered for news/list COST: CircuitBreaker 'finnhub' is OPEN and does not permit further calls
2026-05-06T13:58:41.447+05:30  WARN 28164 --- [   scheduling-1] c.e.s.M.ExternalMarketDataGateway        : Fallback triggered for news/list AVGO: CircuitBreaker 'finnhub' is OPEN and does not permit further calls
2026-05-06T13:58:41.449+05:30  INFO 28164 --- [   scheduling-1] c.e.s.M.MarketDataScheduler              : Hydration cycle complete. Processed 24 unique symbols. Success: 20
2026-05-06T13:59:23.920+05:30  INFO 28164 --- [   scheduling-1] c.e.s.M.MarketDataScheduler              : Starting hydrateMarketMirror cycle. HighPriorityIndex: 0, NormalIndex: 23, ChartCycle: 0/5
2026-05-06T13:59:23.931+05:30  INFO 28164 --- [   scheduling-1] c.e.s.M.MarketDataScheduler              : Hydration cycle complete. Processed 24 unique symbols. Success: 0
2026-05-06T13:59:24.032+05:30  INFO 28164 --- [   scheduling-1] c.e.s.MarketManagement.ForexService      : Refreshed USD→INR rate: 95.312484
2026-05-06T13:59:24.535+05:30  WARN 28164 --- [pool-4-thread-2] c.e.s.M.ExternalMarketDataGateway        : Fallback triggered for quote META: CircuitBreaker 'finnhub' is HALF_OPEN and does not permit further calls
2026-05-06T13:59:24.639+05:30  INFO 28164 --- [   scheduling-1] c.e.s.ContentManagement.ContentService   : Refreshed content cache for 'inflation india' (3 items)
2026-05-06T13:59:25.242+05:30  INFO 28164 --- [   scheduling-1] c.e.s.ContentManagement.ContentService   : Refreshed content cache for 'rbi monetary policy' (3 items)
2026-05-06T13:59:25.754+05:30  INFO 28164 --- [   scheduling-1] c.e.s.ContentManagement.ContentService   : Refreshed content cache for 'us tech stocks' (3 items)
2026-05-06T14:00:23.925+05:30  INFO 28164 --- [   scheduling-1] c.e.s.M.MarketDataScheduler              : Starting hydrateMarketMirror cycle. HighPriorityIndex: 0, NormalIndex: 5, ChartCycle: 1/5
2026-05-06T14:00:23.936+05:30  INFO 28164 --- [   scheduling-1] c.e.s.M.MarketDataScheduler              : Hydration cycle complete. Processed 24 unique symbols. Success: 0
2026-05-06T14:01:23.918+05:30  INFO 28164 --- [   scheduling-1] c.e.s.M.MarketDataScheduler              : Starting hydrateMarketMirror cycle. HighPriorityIndex: 0, NormalIndex: 25, ChartCycle: 2/5
2026-05-06T14:01:23.934+05:30  INFO 28164 --- [   scheduling-1] c.e.s.M.MarketDataScheduler              : Hydration cycle complete. Processed 24 unique symbols. Success: 0
2026-05-06T14:02:23.923+05:30  INFO 28164 --- [   scheduling-1] c.e.s.M.MarketDataScheduler              : Starting hydrateMarketMirror cycle. HighPriorityIndex: 0, NormalIndex: 7, ChartCycle: 3/5
2026-05-06T14:02:23.940+05:30  INFO 28164 --- [   scheduling-1] c.e.s.M.MarketDataScheduler              : Hydration cycle complete. Processed 24 unique symbols. Success: 0
2026-05-06T14:03:23.928+05:30  INFO 28164 --- [   scheduling-1] c.e.s.M.MarketDataScheduler              : Starting hydrateMarketMirror cycle. HighPriorityIndex: 0, NormalIndex: 27, ChartCycle: 4/5
2026-05-06T14:03:23.937+05:30  INFO 28164 --- [   scheduling-1] c.e.s.M.MarketDataScheduler              : Triggering chart hydration cycle...
2026-05-06T14:03:28.147+05:30  WARN 28164 --- [   scheduling-1] c.e.s.M.ExternalMarketDataGateway        : Fallback triggered for news/list QQQ: 403 Forbidden: "{"error":"You don't have access to this resource."}"
2026-05-06T14:03:32.052+05:30  WARN 28164 --- [   scheduling-1] c.e.s.M.ExternalMarketDataGateway        : Fallback triggered for news/list DIA: 403 Forbidden: "{"error":"You don't have access to this resource."}"
2026-05-06T14:03:35.062+05:30  WARN 28164 --- [   scheduling-1] c.e.s.M.ExternalMarketDataGateway        : Fallback triggered for news/list AAPL: RateLimiter 'finnhub' does not permit further calls
2026-05-06T14:03:38.079+05:30  WARN 28164 --- [   scheduling-1] c.e.s.M.ExternalMarketDataGateway        : Fallback triggered for news/list MSFT: RateLimiter 'finnhub' does not permit further calls
2026-05-06T14:03:41.099+05:30  WARN 28164 --- [   scheduling-1] c.e.s.M.ExternalMarketDataGateway        : Fallback triggered for news/list NVDA: RateLimiter 'finnhub' does not permit further calls
2026-05-06T14:03:44.115+05:30  WARN 28164 --- [   scheduling-1] c.e.s.M.ExternalMarketDataGateway        : Fallback triggered for news/list TSLA: RateLimiter 'finnhub' does not permit further calls
2026-05-06T14:03:47.124+05:30  WARN 28164 --- [   scheduling-1] c.e.s.M.ExternalMarketDataGateway        : Fallback triggered for news/list META: RateLimiter 'finnhub' does not permit further calls
2026-05-06T14:03:47.125+05:30  WARN 28164 --- [   scheduling-1] c.e.s.M.ExternalMarketDataGateway        : Fallback triggered for news/list AMZN: CircuitBreaker 'finnhub' is OPEN and does not permit further calls
2026-05-06T14:03:47.125+05:30  WARN 28164 --- [   scheduling-1] c.e.s.M.ExternalMarketDataGateway        : Fallback triggered for news/list GOOGL: CircuitBreaker 'finnhub' is OPEN and does not permit further calls
2026-05-06T14:03:47.126+05:30  WARN 28164 --- [   scheduling-1] c.e.s.M.ExternalMarketDataGateway        : Fallback triggered for news/list AMD: CircuitBreaker 'finnhub' is OPEN and does not permit further calls
2026-05-06T14:03:47.126+05:30  WARN 28164 --- [   scheduling-1] c.e.s.M.ExternalMarketDataGateway        : Fallback triggered for news/list INTC: CircuitBreaker 'finnhub' is OPEN and does not permit further calls
2026-05-06T14:03:47.128+05:30  INFO 28164 --- [   scheduling-1] c.e.s.M.MarketDataScheduler              : Hydration cycle complete. Processed 24 unique symbols. Success: 11
2026-05-06T14:04:23.916+05:30  INFO 28164 --- [   scheduling-1] c.e.s.M.MarketDataScheduler              : Starting hydrateMarketMirror cycle. HighPriorityIndex: 0, NormalIndex: 9, ChartCycle: 0/5
2026-05-06T14:04:23.939+05:30  INFO 28164 --- [   scheduling-1] c.e.s.M.MarketDataScheduler              : Hydration cycle complete. Processed 24 unique symbols. Success: 0
2026-05-06T14:04:24.295+05:30  WARN 28164 --- [pool-4-thread-5] c.e.s.M.ExternalMarketDataGateway        : Fallback triggered for quote PG: CircuitBreaker 'finnhub' is HALF_OPEN and does not permit further calls
2026-05-06T14:04:24.295+05:30  WARN 28164 --- [pool-4-thread-5] c.e.s.M.ExternalMarketDataGateway        : Fallback triggered for quote CRM: CircuitBreaker 'finnhub' is HALF_OPEN and does not permit further calls
2026-05-06T14:04:24.296+05:30  WARN 28164 --- [pool-4-thread-5] c.e.s.M.ExternalMarketDataGateway        : Fallback triggered for quote COST: CircuitBreaker 'finnhub' is HALF_OPEN and does not permit further calls
2026-05-06T14:04:24.296+05:30  WARN 28164 --- [pool-4-thread-5] c.e.s.M.ExternalMarketDataGateway        : Fallback triggered for quote AVGO: CircuitBreaker 'finnhub' is HALF_OPEN and does not permit further calls
2026-05-06T14:04:24.296+05:30  WARN 28164 --- [pool-4-thread-5] c.e.s.M.ExternalMarketDataGateway        : Fallback triggered for quote F: CircuitBreaker 'finnhub' is HALF_OPEN and does not permit further calls
2026-05-06T14:04:24.296+05:30  WARN 28164 --- [pool-4-thread-5] c.e.s.M.ExternalMarketDataGateway        : Fallback triggered for quote GM: CircuitBreaker 'finnhub' is HALF_OPEN and does not permit further calls
2026-05-06T14:04:24.296+05:30  WARN 28164 --- [pool-4-thread-5] c.e.s.M.ExternalMarketDataGateway        : Fallback triggered for quote SLB: CircuitBreaker 'finnhub' is HALF_OPEN and does not permit further calls
2026-05-06T14:04:24.296+05:30  WARN 28164 --- [pool-4-thread-5] c.e.s.M.ExternalMarketDataGateway        : Fallback triggered for quote SPY: CircuitBreaker 'finnhub' is HALF_OPEN and does not permit further calls
2026-05-06T14:04:24.296+05:30  WARN 28164 --- [pool-4-thread-5] c.e.s.M.ExternalMarketDataGateway        : Fallback triggered for quote QQQ: CircuitBreaker 'finnhub' is HALF_OPEN and does not permit further calls
2026-05-06T14:04:24.297+05:30  WARN 28164 --- [pool-4-thread-5] c.e.s.M.ExternalMarketDataGateway        : Fallback triggered for quote DIA: CircuitBreaker 'finnhub' is HALF_OPEN and does not permit further calls
2026-05-06T14:05:23.914+05:30  INFO 28164 --- [   scheduling-1] c.e.s.M.MarketDataScheduler              : Starting hydrateMarketMirror cycle. HighPriorityIndex: 0, NormalIndex: 29, ChartCycle: 1/5
2026-05-06T14:05:23.926+05:30  INFO 28164 --- [   scheduling-1] c.e.s.M.MarketDataScheduler              : Hydration cycle complete. Processed 24 unique symbols. Success: 0
2026-05-06T14:06:23.967+05:30  INFO 28164 --- [   scheduling-1] c.e.s.M.MarketDataScheduler              : Starting hydrateMarketMirror cycle. HighPriorityIndex: 0, NormalIndex: 11, ChartCycle: 2/5
2026-05-06T14:06:23.973+05:30  INFO 28164 --- [   scheduling-1] c.e.s.M.MarketDataScheduler              : Hydration cycle complete. Processed 24 unique symbols. Success: 0
2026-05-06T14:07:23.915+05:30  INFO 28164 --- [   scheduling-1] c.e.s.M.MarketDataScheduler              : Starting hydrateMarketMirror cycle. HighPriorityIndex: 0, NormalIndex: 31, ChartCycle: 3/5
2026-05-06T14:07:23.929+05:30  INFO 28164 --- [   scheduling-1] c.e.s.M.MarketDataScheduler              : Hydration cycle complete. Processed 24 unique symbols. Success: 0
2026-05-06T14:08:23.906+05:30  INFO 28164 --- [   scheduling-1] c.e.s.M.MarketDataScheduler              : Starting hydrateMarketMirror cycle. HighPriorityIndex: 0, NormalIndex: 13, ChartCycle: 4/5
2026-05-06T14:08:23.920+05:30  INFO 28164 --- [   scheduling-1] c.e.s.M.MarketDataScheduler              : Triggering chart hydration cycle...
2026-05-06T14:08:27.984+05:30  WARN 28164 --- [   scheduling-1] c.e.s.M.ExternalMarketDataGateway        : Fallback triggered for news/list BAC: 403 Forbidden: "{"error":"You don't have access to this resource."}"
2026-05-06T14:08:32.079+05:30  WARN 28164 --- [   scheduling-1] c.e.s.M.ExternalMarketDataGateway        : Fallback triggered for news/list XOM: 403 Forbidden: "{"error":"You don't have access to this resource."}"
2026-05-06T14:08:36.050+05:30  WARN 28164 --- [   scheduling-1] c.e.s.M.ExternalMarketDataGateway        : Fallback triggered for news/list CVX: 403 Forbidden: "{"error":"You don't have access to this resource."}"
2026-05-06T14:08:39.390+05:30  WARN 28164 --- [   scheduling-1] c.e.s.M.ExternalMarketDataGateway        : Fallback triggered for news/list JNJ: RateLimiter 'finnhub' does not permit further calls
2026-05-06T14:08:42.406+05:30  WARN 28164 --- [   scheduling-1] c.e.s.M.ExternalMarketDataGateway        : Fallback triggered for news/list UNH: RateLimiter 'finnhub' does not permit further calls
2026-05-06T14:08:42.407+05:30  WARN 28164 --- [   scheduling-1] c.e.s.M.ExternalMarketDataGateway        : Fallback triggered for news/list WMT: CircuitBreaker 'finnhub' is OPEN and does not permit further calls
2026-05-06T14:08:42.407+05:30  WARN 28164 --- [   scheduling-1] c.e.s.M.ExternalMarketDataGateway        : Fallback triggered for news/list PG: CircuitBreaker 'finnhub' is OPEN and does not permit further calls
2026-05-06T14:08:42.408+05:30  WARN 28164 --- [   scheduling-1] c.e.s.M.ExternalMarketDataGateway        : Fallback triggered for news/list CRM: CircuitBreaker 'finnhub' is OPEN and does not permit further calls
2026-05-06T14:08:42.409+05:30  WARN 28164 --- [   scheduling-1] c.e.s.M.ExternalMarketDataGateway        : Fallback triggered for news/list COST: CircuitBreaker 'finnhub' is OPEN and does not permit further calls
2026-05-06T14:08:42.409+05:30  WARN 28164 --- [   scheduling-1] c.e.s.M.ExternalMarketDataGateway        : Fallback triggered for news/list AVGO: CircuitBreaker 'finnhub' is OPEN and does not permit further calls
2026-05-06T14:08:42.410+05:30  WARN 28164 --- [   scheduling-1] c.e.s.M.ExternalMarketDataGateway        : Fallback triggered for news/list F: CircuitBreaker 'finnhub' is OPEN and does not permit further calls
2026-05-06T14:08:42.411+05:30  WARN 28164 --- [   scheduling-1] c.e.s.M.ExternalMarketDataGateway        : Fallback triggered for news/list GM: CircuitBreaker 'finnhub' is OPEN and does not permit further calls
2026-05-06T14:08:42.411+05:30  WARN 28164 --- [   scheduling-1] c.e.s.M.ExternalMarketDataGateway        : Fallback triggered for news/list SLB: CircuitBreaker 'finnhub' is OPEN and does not permit further calls
2026-05-06T14:08:42.411+05:30  WARN 28164 --- [   scheduling-1] c.e.s.M.ExternalMarketDataGateway        : Fallback triggered for news/list SPY: CircuitBreaker 'finnhub' is OPEN and does not permit further calls
2026-05-06T14:08:42.412+05:30  WARN 28164 --- [   scheduling-1] c.e.s.M.ExternalMarketDataGateway        : Fallback triggered for news/list QQQ: CircuitBreaker 'finnhub' is OPEN and does not permit further calls
2026-05-06T14:08:42.412+05:30  WARN 28164 --- [   scheduling-1] c.e.s.M.ExternalMarketDataGateway        : Fallback triggered for news/list DIA: CircuitBreaker 'finnhub' is OPEN and does not permit further calls
2026-05-06T14:08:42.413+05:30  WARN 28164 --- [   scheduling-1] c.e.s.M.ExternalMarketDataGateway        : Fallback triggered for news/list INFY.NS: CircuitBreaker 'finnhub' is OPEN and does not permit further calls
2026-05-06T14:08:42.414+05:30  WARN 28164 --- [   scheduling-1] c.e.s.M.ExternalMarketDataGateway        : Fallback triggered for news/list TCS.NS: CircuitBreaker 'finnhub' is OPEN and does not permit further calls
2026-05-06T14:08:42.414+05:30  WARN 28164 --- [   scheduling-1] c.e.s.M.ExternalMarketDataGateway        : Fallback triggered for news/list HDFCBANK.NS: CircuitBreaker 'finnhub' is OPEN and does not permit further calls
2026-05-06T14:08:42.414+05:30  WARN 28164 --- [   scheduling-1] c.e.s.M.ExternalMarketDataGateway        : Fallback triggered for news/list SBIN.NS: CircuitBreaker 'finnhub' is OPEN and does not permit further calls
2026-05-06T14:08:42.416+05:30  INFO 28164 --- [   scheduling-1] c.e.s.M.MarketDataScheduler              : Hydration cycle complete. Processed 24 unique symbols. Success: 16
2026-05-06T14:09:23.913+05:30  INFO 28164 --- [   scheduling-1] c.e.s.M.MarketDataScheduler              : Starting AI Insight precomputation cycle...
2026-05-06T14:09:24.136+05:30 ERROR 28164 --- [pool-5-thread-3] c.e.s.AiManagement.service.GroqGateway   : Groq API request failed: 401 Unauthorized: [no body]
2026-05-06T14:09:24.136+05:30 ERROR 28164 --- [   scheduling-1] c.e.s.AiManagement.service.GroqGateway   : Groq API request failed: 401 Unauthorized: [no body]
2026-05-06T14:09:24.136+05:30 ERROR 28164 --- [pool-5-thread-1] c.e.s.AiManagement.service.GroqGateway   : Groq API request failed: 401 Unauthorized: [no body]
2026-05-06T14:09:24.136+05:30 ERROR 28164 --- [   scheduling-1] c.e.s.AiManagement.service.AiService     : Failed to generate vault scenario: argument "content" is null
2026-05-06T14:09:24.142+05:30 ERROR 28164 --- [pool-5-thread-2] c.e.s.AiManagement.service.GroqGateway   : Groq API request failed: 401 Unauthorized: [no body]
2026-05-06T14:09:24.211+05:30 ERROR 28164 --- [pool-5-thread-3] c.e.s.AiManagement.service.GroqGateway   : Groq API request failed: 401 Unauthorized: [no body]
2026-05-06T14:09:24.306+05:30 ERROR 28164 --- [   scheduling-1] c.e.s.AiManagement.service.GroqGateway   : Groq API request failed: 401 Unauthorized: [no body]
2026-05-06T14:09:24.398+05:30 ERROR 28164 --- [   scheduling-1] c.e.s.AiManagement.service.GroqGateway   : Groq API request failed: 401 Unauthorized: [no body]
2026-05-06T14:09:24.498+05:30 ERROR 28164 --- [   scheduling-1] c.e.s.AiManagement.service.GroqGateway   : Groq API request failed: 401 Unauthorized: [no body]
2026-05-06T14:09:24.568+05:30 ERROR 28164 --- [   scheduling-1] c.e.s.AiManagement.service.GroqGateway   : Groq API request failed: 401 Unauthorized: [no body]
2026-05-06T14:09:24.628+05:30 ERROR 28164 --- [   scheduling-1] c.e.s.AiManagement.service.GroqGateway   : Groq API request failed: 401 Unauthorized: [no body]
2026-05-06T14:09:24.700+05:30 ERROR 28164 --- [   scheduling-1] c.e.s.AiManagement.service.GroqGateway   : Groq API request failed: 401 Unauthorized: [no body]
2026-05-06T14:09:24.793+05:30 ERROR 28164 --- [   scheduling-1] c.e.s.AiManagement.service.GroqGateway   : Groq API request failed: 401 Unauthorized: [no body]
2026-05-06T14:09:24.860+05:30 ERROR 28164 --- [   scheduling-1] c.e.s.AiManagement.service.GroqGateway   : Groq API request failed: 401 Unauthorized: [no body]
2026-05-06T14:09:24.931+05:30 ERROR 28164 --- [   scheduling-1] c.e.s.AiManagement.service.GroqGateway   : Groq API request failed: 401 Unauthorized: [no body]
2026-05-06T14:09:25.014+05:30 ERROR 28164 --- [   scheduling-1] c.e.s.AiManagement.service.GroqGateway   : Groq API request failed: 401 Unauthorized: [no body]
2026-05-06T14:09:25.116+05:30 ERROR 28164 --- [   scheduling-1] c.e.s.AiManagement.service.GroqGateway   : Groq API request failed: 401 Unauthorized: [no body]
2026-05-06T14:09:25.120+05:30  INFO 28164 --- [   scheduling-1] c.e.s.M.MarketDataScheduler              : AI Insight precomputation cycle complete.
2026-05-06T14:09:25.121+05:30  INFO 28164 --- [   scheduling-1] c.e.s.M.MarketDataScheduler              : Starting hydrateMarketMirror cycle. HighPriorityIndex: 0, NormalIndex: 33, ChartCycle: 0/5
2026-05-06T14:09:25.125+05:30  INFO 28164 --- [   scheduling-1] c.e.s.M.MarketDataScheduler              : Hydration cycle complete. Processed 24 unique symbols. Success: 0
2026-05-06T14:09:25.231+05:30  INFO 28164 --- [   scheduling-1] c.e.s.MarketManagement.ForexService      : Refreshed USD→INR rate: 95.312484
2026-05-06T14:09:25.496+05:30  WARN 28164 --- [pool-4-thread-9] c.e.s.M.ExternalMarketDataGateway        : Fallback triggered for quote JPM: CircuitBreaker 'finnhub' is HALF_OPEN and does not permit further calls
2026-05-06T14:09:25.498+05:30  WARN 28164 --- [pool-4-thread-9] c.e.s.M.ExternalMarketDataGateway        : Fallback triggered for quote V: CircuitBreaker 'finnhub' is HALF_OPEN and does not permit further calls
2026-05-06T14:09:25.498+05:30  WARN 28164 --- [pool-4-thread-9] c.e.s.M.ExternalMarketDataGateway        : Fallback triggered for quote MA: CircuitBreaker 'finnhub' is HALF_OPEN and does not permit further calls
2026-05-06T14:09:25.499+05:30  WARN 28164 --- [pool-4-thread-9] c.e.s.M.ExternalMarketDataGateway        : Fallback triggered for quote BAC: CircuitBreaker 'finnhub' is HALF_OPEN and does not permit further calls
2026-05-06T14:09:25.499+05:30  WARN 28164 --- [pool-4-thread-9] c.e.s.M.ExternalMarketDataGateway        : Fallback triggered for quote XOM: CircuitBreaker 'finnhub' is HALF_OPEN and does not permit further calls
2026-05-06T14:09:25.960+05:30  INFO 28164 --- [   scheduling-1] c.e.s.ContentManagement.ContentService   : Refreshed content cache for 'inflation india' (3 items)
2026-05-06T14:09:26.565+05:30  INFO 28164 --- [   scheduling-1] c.e.s.ContentManagement.ContentService   : Refreshed content cache for 'rbi monetary policy' (2 items)
2026-05-06T14:09:26.991+05:30  INFO 28164 --- [   scheduling-1] c.e.s.ContentManagement.ContentService   : Refreshed content cache for 'us tech stocks' (3 items)
2026-05-06T14:10:23.900+05:30  INFO 28164 --- [   scheduling-1] c.e.s.M.MarketDataScheduler              : Starting hydrateMarketMirror cycle. HighPriorityIndex: 0, NormalIndex: 15, ChartCycle: 1/5
2026-05-06T14:10:23.914+05:30  INFO 28164 --- [   scheduling-1] c.e.s.M.MarketDataScheduler              : Hydration cycle complete. Processed 24 unique symbols. Success: 0
2026-05-06T14:11:23.904+05:30  INFO 28164 --- [   scheduling-1] c.e.s.M.MarketDataScheduler              : Starting hydrateMarketMirror cycle. HighPriorityIndex: 0, NormalIndex: 35, ChartCycle: 2/5
2026-05-06T14:11:23.961+05:30  INFO 28164 --- [   scheduling-1] c.e.s.M.MarketDataScheduler              : Hydration cycle complete. Processed 24 unique symbols. Success: 0
2026-05-06T14:12:23.956+05:30  INFO 28164 --- [   scheduling-1] c.e.s.M.MarketDataScheduler              : Starting hydrateMarketMirror cycle. HighPriorityIndex: 0, NormalIndex: 17, ChartCycle: 3/5
2026-05-06T14:12:23.961+05:30  INFO 28164 --- [   scheduling-1] c.e.s.M.MarketDataScheduler              : Hydration cycle complete. Processed 24 unique symbols. Success: 0
2026-05-06T14:13:23.903+05:30  INFO 28164 --- [   scheduling-1] c.e.s.M.MarketDataScheduler              : Starting hydrateMarketMirror cycle. HighPriorityIndex: 0, NormalIndex: 37, ChartCycle: 4/5
2026-05-06T14:13:23.917+05:30  INFO 28164 --- [   scheduling-1] c.e.s.M.MarketDataScheduler              : Triggering chart hydration cycle...
2026-05-06T14:13:28.037+05:30  WARN 28164 --- [   scheduling-1] c.e.s.M.ExternalMarketDataGateway        : Fallback triggered for news/list AAPL: 403 Forbidden: "{"error":"You don't have access to this resource."}"
2026-05-06T14:13:32.438+05:30  WARN 28164 --- [   scheduling-1] c.e.s.M.ExternalMarketDataGateway        : Fallback triggered for news/list MSFT: 403 Forbidden: "{"error":"You don't have access to this resource."}"
2026-05-06T14:13:35.449+05:30  WARN 28164 --- [   scheduling-1] c.e.s.M.ExternalMarketDataGateway        : Fallback triggered for news/list NVDA: RateLimiter 'finnhub' does not permit further calls
2026-05-06T14:13:38.464+05:30  WARN 28164 --- [   scheduling-1] c.e.s.M.ExternalMarketDataGateway        : Fallback triggered for news/list TSLA: RateLimiter 'finnhub' does not permit further calls
2026-05-06T14:13:41.478+05:30  WARN 28164 --- [   scheduling-1] c.e.s.M.ExternalMarketDataGateway        : Fallback triggered for news/list META: RateLimiter 'finnhub' does not permit further calls
2026-05-06T14:13:41.479+05:30  WARN 28164 --- [   scheduling-1] c.e.s.M.ExternalMarketDataGateway        : Fallback triggered for news/list AMZN: CircuitBreaker 'finnhub' is OPEN and does not permit further calls
2026-05-06T14:13:41.479+05:30  WARN 28164 --- [   scheduling-1] c.e.s.M.ExternalMarketDataGateway        : Fallback triggered for news/list GOOGL: CircuitBreaker 'finnhub' is OPEN and does not permit further calls
2026-05-06T14:13:41.479+05:30  WARN 28164 --- [   scheduling-1] c.e.s.M.ExternalMarketDataGateway        : Fallback triggered for news/list AMD: CircuitBreaker 'finnhub' is OPEN and does not permit further calls
2026-05-06T14:13:41.479+05:30  WARN 28164 --- [   scheduling-1] c.e.s.M.ExternalMarketDataGateway        : Fallback triggered for news/list INTC: CircuitBreaker 'finnhub' is OPEN and does not permit further calls
2026-05-06T14:13:41.479+05:30  WARN 28164 --- [   scheduling-1] c.e.s.M.ExternalMarketDataGateway        : Fallback triggered for news/list NFLX: CircuitBreaker 'finnhub' is OPEN and does not permit further calls
2026-05-06T14:13:41.480+05:30  WARN 28164 --- [   scheduling-1] c.e.s.M.ExternalMarketDataGateway        : Fallback triggered for news/list JPM: CircuitBreaker 'finnhub' is OPEN and does not permit further calls
2026-05-06T14:13:41.480+05:30  WARN 28164 --- [   scheduling-1] c.e.s.M.ExternalMarketDataGateway        : Fallback triggered for news/list V: CircuitBreaker 'finnhub' is OPEN and does not permit further calls
2026-05-06T14:13:41.480+05:30  WARN 28164 --- [   scheduling-1] c.e.s.M.ExternalMarketDataGateway        : Fallback triggered for news/list MA: CircuitBreaker 'finnhub' is OPEN and does not permit further calls
2026-05-06T14:13:41.480+05:30  WARN 28164 --- [   scheduling-1] c.e.s.M.ExternalMarketDataGateway        : Fallback triggered for news/list BAC: CircuitBreaker 'finnhub' is OPEN and does not permit further calls
2026-05-06T14:13:41.480+05:30  WARN 28164 --- [   scheduling-1] c.e.s.M.ExternalMarketDataGateway        : Fallback triggered for news/list XOM: CircuitBreaker 'finnhub' is OPEN and does not permit further calls
2026-05-06T14:13:41.480+05:30  WARN 28164 --- [   scheduling-1] c.e.s.M.ExternalMarketDataGateway        : Fallback triggered for news/list CVX: CircuitBreaker 'finnhub' is OPEN and does not permit further calls
2026-05-06T14:13:41.480+05:30  WARN 28164 --- [   scheduling-1] c.e.s.M.ExternalMarketDataGateway        : Fallback triggered for news/list JNJ: CircuitBreaker 'finnhub' is OPEN and does not permit further calls
2026-05-06T14:13:41.480+05:30  WARN 28164 --- [   scheduling-1] c.e.s.M.ExternalMarketDataGateway        : Fallback triggered for news/list UNH: CircuitBreaker 'finnhub' is OPEN and does not permit further calls
2026-05-06T14:13:41.481+05:30  WARN 28164 --- [   scheduling-1] c.e.s.M.ExternalMarketDataGateway        : Fallback triggered for news/list WMT: CircuitBreaker 'finnhub' is OPEN and does not permit further calls
2026-05-06T14:13:41.482+05:30  INFO 28164 --- [   scheduling-1] c.e.s.M.MarketDataScheduler              : Hydration cycle complete. Processed 24 unique symbols. Success: 19
2026-05-06T14:14:23.897+05:30  INFO 28164 --- [   scheduling-1] c.e.s.M.MarketDataScheduler              : Starting hydrateMarketMirror cycle. HighPriorityIndex: 0, NormalIndex: 19, ChartCycle: 0/5
2026-05-06T14:14:23.923+05:30  INFO 28164 --- [   scheduling-1] c.e.s.M.MarketDataScheduler              : Hydration cycle complete. Processed 24 unique symbols. Success: 0
2026-05-06T14:14:24.364+05:30  WARN 28164 --- [pool-4-thread-8] c.e.s.M.ExternalMarketDataGateway        : Fallback triggered for quote AAPL: CircuitBreaker 'finnhub' is HALF_OPEN and does not permit further calls
2026-05-06T14:15:23.915+05:30  INFO 28164 --- [   scheduling-1] c.e.s.M.MarketDataScheduler              : Starting hydrateMarketMirror cycle. HighPriorityIndex: 0, NormalIndex: 1, ChartCycle: 1/5
2026-05-06T14:15:23.925+05:30  INFO 28164 --- [   scheduling-1] c.e.s.M.MarketDataScheduler              : Hydration cycle complete. Processed 24 unique symbols. Success: 0
2026-05-06T14:16:23.898+05:30  INFO 28164 --- [   scheduling-1] c.e.s.M.MarketDataScheduler              : Starting hydrateMarketMirror cycle. HighPriorityIndex: 0, NormalIndex: 21, ChartCycle: 2/5
2026-05-06T14:16:23.917+05:30  INFO 28164 --- [   scheduling-1] c.e.s.M.MarketDataScheduler              : Hydration cycle complete. Processed 24 unique symbols. Success: 0
2026-05-06T14:17:23.894+05:30  INFO 28164 --- [   scheduling-1] c.e.s.M.MarketDataScheduler              : Starting hydrateMarketMirror cycle. HighPriorityIndex: 0, NormalIndex: 3, ChartCycle: 3/5
2026-05-06T14:17:23.917+05:30  INFO 28164 --- [   scheduling-1] c.e.s.M.MarketDataScheduler              : Hydration cycle complete. Processed 24 unique symbols. Success: 0
2026-05-06T14:18:23.906+05:30  INFO 28164 --- [   scheduling-1] c.e.s.M.MarketDataScheduler              : Starting hydrateMarketMirror cycle. HighPriorityIndex: 0, NormalIndex: 23, ChartCycle: 4/5
2026-05-06T14:18:23.914+05:30  INFO 28164 --- [   scheduling-1] c.e.s.M.MarketDataScheduler              : Triggering chart hydration cycle...
2026-05-06T14:18:27.966+05:30  WARN 28164 --- [   scheduling-1] c.e.s.M.ExternalMarketDataGateway        : Fallback triggered for news/list F: 403 Forbidden: "{"error":"You don't have access to this resource."}"
2026-05-06T14:18:32.061+05:30  WARN 28164 --- [   scheduling-1] c.e.s.M.ExternalMarketDataGateway        : Fallback triggered for news/list GM: 403 Forbidden: "{"error":"You don't have access to this resource."}"
2026-05-06T14:18:33.373+05:30  WARN 28164 --- [   scheduling-1] s.b.a.a.m.OnlyOnceLoggingDenyMeterFilter : Reached the maximum number of URI tags for 'http.client.requests'. Are you using 'uriVariables'?
2026-05-06T14:18:36.169+05:30  WARN 28164 --- [   scheduling-1] c.e.s.M.ExternalMarketDataGateway        : Fallback triggered for news/list SLB: 403 Forbidden: "{"error":"You don't have access to this resource."}"
2026-05-06T14:18:40.222+05:30  WARN 28164 --- [   scheduling-1] c.e.s.M.ExternalMarketDataGateway        : Fallback triggered for news/list SPY: 403 Forbidden: "{"error":"You don't have access to this resource."}"
2026-05-06T14:18:44.133+05:30  WARN 28164 --- [   scheduling-1] c.e.s.M.ExternalMarketDataGateway        : Fallback triggered for news/list QQQ: 403 Forbidden: "{"error":"You don't have access to this resource."}"
2026-05-06T14:18:44.138+05:30  WARN 28164 --- [   scheduling-1] c.e.s.M.ExternalMarketDataGateway        : Fallback triggered for news/list DIA: CircuitBreaker 'finnhub' is OPEN and does not permit further calls
2026-05-06T14:18:44.139+05:30  WARN 28164 --- [   scheduling-1] c.e.s.M.ExternalMarketDataGateway        : Fallback triggered for news/list INFY.NS: CircuitBreaker 'finnhub' is OPEN and does not permit further calls
2026-05-06T14:18:44.139+05:30  WARN 28164 --- [   scheduling-1] c.e.s.M.ExternalMarketDataGateway        : Fallback triggered for news/list TCS.NS: CircuitBreaker 'finnhub' is OPEN and does not permit further calls
2026-05-06T14:18:44.139+05:30  WARN 28164 --- [   scheduling-1] c.e.s.M.ExternalMarketDataGateway        : Fallback triggered for news/list HDFCBANK.NS: CircuitBreaker 'finnhub' is OPEN and does not permit further calls
2026-05-06T14:18:44.139+05:30  WARN 28164 --- [   scheduling-1] c.e.s.M.ExternalMarketDataGateway        : Fallback triggered for news/list SBIN.NS: CircuitBreaker 'finnhub' is OPEN and does not permit further calls
2026-05-06T14:18:44.139+05:30  WARN 28164 --- [   scheduling-1] c.e.s.M.ExternalMarketDataGateway        : Fallback triggered for news/list ICICIBANK.NS: CircuitBreaker 'finnhub' is OPEN and does not permit further calls
2026-05-06T14:18:44.139+05:30  WARN 28164 --- [   scheduling-1] c.e.s.M.ExternalMarketDataGateway        : Fallback triggered for news/list ITC.NS: CircuitBreaker 'finnhub' is OPEN and does not permit further calls
2026-05-06T14:18:44.140+05:30  WARN 28164 --- [   scheduling-1] c.e.s.M.ExternalMarketDataGateway        : Fallback triggered for news/list LT.NS: CircuitBreaker 'finnhub' is OPEN and does not permit further calls
2026-05-06T14:18:44.141+05:30  WARN 28164 --- [   scheduling-1] c.e.s.M.ExternalMarketDataGateway        : Fallback triggered for news/list TATAMOTORS.NS: CircuitBreaker 'finnhub' is OPEN and does not permit further calls
2026-05-06T14:18:44.141+05:30  WARN 28164 --- [   scheduling-1] c.e.s.M.ExternalMarketDataGateway        : Fallback triggered for news/list ZOMATO.NS: CircuitBreaker 'finnhub' is OPEN and does not permit further calls
2026-05-06T14:18:44.141+05:30  WARN 28164 --- [   scheduling-1] c.e.s.M.ExternalMarketDataGateway        : Fallback triggered for news/list AAPL: CircuitBreaker 'finnhub' is OPEN and does not permit further calls
2026-05-06T14:18:44.141+05:30  WARN 28164 --- [   scheduling-1] c.e.s.M.ExternalMarketDataGateway        : Fallback triggered for news/list MSFT: CircuitBreaker 'finnhub' is OPEN and does not permit further calls
2026-05-06T14:18:44.142+05:30  WARN 28164 --- [   scheduling-1] c.e.s.M.ExternalMarketDataGateway        : Fallback triggered for news/list NVDA: CircuitBreaker 'finnhub' is OPEN and does not permit further calls
2026-05-06T14:18:44.142+05:30  WARN 28164 --- [   scheduling-1] c.e.s.M.ExternalMarketDataGateway        : Fallback triggered for news/list TSLA: CircuitBreaker 'finnhub' is OPEN and does not permit further calls
2026-05-06T14:18:44.142+05:30  WARN 28164 --- [   scheduling-1] c.e.s.M.ExternalMarketDataGateway        : Fallback triggered for news/list META: CircuitBreaker 'finnhub' is OPEN and does not permit further calls
2026-05-06T14:18:44.152+05:30  INFO 28164 --- [   scheduling-1] c.e.s.M.MarketDataScheduler              : Hydration cycle complete. Processed 24 unique symbols. Success: 11
2026-05-06T14:19:23.895+05:30  INFO 28164 --- [   scheduling-1] c.e.s.M.MarketDataScheduler              : Starting hydrateMarketMirror cycle. HighPriorityIndex: 0, NormalIndex: 5, ChartCycle: 0/5
2026-05-06T14:19:23.913+05:30  INFO 28164 --- [   scheduling-1] c.e.s.M.MarketDataScheduler              : Hydration cycle complete. Processed 24 unique symbols. Success: 0
2026-05-06T14:19:24.025+05:30  INFO 28164 --- [   scheduling-1] c.e.s.MarketManagement.ForexService      : Refreshed USD→INR rate: 95.312484
2026-05-06T14:19:24.259+05:30  WARN 28164 --- [pool-4-thread-4] c.e.s.M.ExternalMarketDataGateway        : Fallback triggered for quote CVX: CircuitBreaker 'finnhub' is HALF_OPEN and does not permit further calls
2026-05-06T14:19:24.259+05:30  WARN 28164 --- [pool-4-thread-2] c.e.s.M.ExternalMarketDataGateway        : Fallback triggered for quote JNJ: CircuitBreaker 'finnhub' is HALF_OPEN and does not permit further calls
2026-05-06T14:19:24.260+05:30  WARN 28164 --- [pool-4-thread-4] c.e.s.M.ExternalMarketDataGateway        : Fallback triggered for quote UNH: CircuitBreaker 'finnhub' is HALF_OPEN and does not permit further calls
2026-05-06T14:19:24.260+05:30  WARN 28164 --- [pool-4-thread-2] c.e.s.M.ExternalMarketDataGateway        : Fallback triggered for quote WMT: CircuitBreaker 'finnhub' is HALF_OPEN and does not permit further calls
2026-05-06T14:19:24.260+05:30  WARN 28164 --- [pool-4-thread-4] c.e.s.M.ExternalMarketDataGateway        : Fallback triggered for quote PG: CircuitBreaker 'finnhub' is HALF_OPEN and does not permit further calls
2026-05-06T14:19:24.260+05:30  WARN 28164 --- [pool-4-thread-2] c.e.s.M.ExternalMarketDataGateway        : Fallback triggered for quote CRM: CircuitBreaker 'finnhub' is HALF_OPEN and does not permit further calls
2026-05-06T14:19:24.260+05:30  WARN 28164 --- [pool-4-thread-2] c.e.s.M.ExternalMarketDataGateway        : Fallback triggered for quote AVGO: CircuitBreaker 'finnhub' is HALF_OPEN and does not permit further calls
2026-05-06T14:19:24.261+05:30  WARN 28164 --- [pool-4-thread-2] c.e.s.M.ExternalMarketDataGateway        : Fallback triggered for quote F: CircuitBreaker 'finnhub' is HALF_OPEN and does not permit further calls
2026-05-06T14:19:24.261+05:30  WARN 28164 --- [pool-4-thread-2] c.e.s.M.ExternalMarketDataGateway        : Fallback triggered for quote GM: CircuitBreaker 'finnhub' is HALF_OPEN and does not permit further calls
2026-05-06T14:19:24.261+05:30  WARN 28164 --- [pool-4-thread-4] c.e.s.M.ExternalMarketDataGateway        : Fallback triggered for quote COST: CircuitBreaker 'finnhub' is HALF_OPEN and does not permit further calls
2026-05-06T14:19:24.614+05:30  INFO 28164 --- [   scheduling-1] c.e.s.ContentManagement.ContentService   : Refreshed content cache for 'inflation india' (3 items)
2026-05-06T14:19:25.270+05:30  INFO 28164 --- [   scheduling-1] c.e.s.ContentManagement.ContentService   : Refreshed content cache for 'rbi monetary policy' (3 items)
2026-05-06T14:19:26.352+05:30  INFO 28164 --- [   scheduling-1] c.e.s.ContentManagement.ContentService   : Refreshed content cache for 'us tech stocks' (3 items)
2026-05-06T14:20:23.885+05:30  INFO 28164 --- [   scheduling-1] c.e.s.M.MarketDataScheduler              : Starting hydrateMarketMirror cycle. HighPriorityIndex: 0, NormalIndex: 25, ChartCycle: 1/5
2026-05-06T14:20:23.903+05:30  INFO 28164 --- [   scheduling-1] c.e.s.M.MarketDataScheduler              : Hydration cycle complete. Processed 24 unique symbols. Success: 0
2026-05-06T14:21:23.889+05:30  INFO 28164 --- [   scheduling-1] c.e.s.M.MarketDataScheduler              : Starting hydrateMarketMirror cycle. HighPriorityIndex: 0, NormalIndex: 7, ChartCycle: 2/5
2026-05-06T14:21:23.893+05:30  INFO 28164 --- [   scheduling-1] c.e.s.M.MarketDataScheduler              : Hydration cycle complete. Processed 24 unique symbols. Success: 0
2026-05-06T14:22:23.893+05:30  INFO 28164 --- [   scheduling-1] c.e.s.M.MarketDataScheduler              : Starting hydrateMarketMirror cycle. HighPriorityIndex: 0, NormalIndex: 27, ChartCycle: 3/5
2026-05-06T14:22:23.909+05:30  INFO 28164 --- [   scheduling-1] c.e.s.M.MarketDataScheduler              : Hydration cycle complete. Processed 24 unique symbols. Success: 0
2026-05-06T14:23:23.877+05:30  INFO 28164 --- [   scheduling-1] c.e.s.M.MarketDataScheduler              : Starting hydrateMarketMirror cycle. HighPriorityIndex: 0, NormalIndex: 9, ChartCycle: 4/5
2026-05-06T14:23:23.899+05:30  INFO 28164 --- [   scheduling-1] c.e.s.M.MarketDataScheduler              : Triggering chart hydration cycle...
2026-05-06T14:23:27.841+05:30  WARN 28164 --- [   scheduling-1] c.e.s.M.ExternalMarketDataGateway        : Fallback triggered for news/list NFLX: 403 Forbidden: "{"error":"You don't have access to this resource."}"
2026-05-06T14:23:31.769+05:30  WARN 28164 --- [   scheduling-1] c.e.s.M.ExternalMarketDataGateway        : Fallback triggered for news/list JPM: 403 Forbidden: "{"error":"You don't have access to this resource."}"
2026-05-06T14:23:34.780+05:30  WARN 28164 --- [   scheduling-1] c.e.s.M.ExternalMarketDataGateway        : Fallback triggered for news/list V: RateLimiter 'finnhub' does not permit further calls
2026-05-06T14:23:37.787+05:30  WARN 28164 --- [   scheduling-1] c.e.s.M.ExternalMarketDataGateway        : Fallback triggered for news/list MA: RateLimiter 'finnhub' does not permit further calls
2026-05-06T14:23:40.802+05:30  WARN 28164 --- [   scheduling-1] c.e.s.M.ExternalMarketDataGateway        : Fallback triggered for news/list BAC: RateLimiter 'finnhub' does not permit further calls
2026-05-06T14:23:40.804+05:30  WARN 28164 --- [   scheduling-1] c.e.s.M.ExternalMarketDataGateway        : Fallback triggered for news/list XOM: CircuitBreaker 'finnhub' is OPEN and does not permit further calls
2026-05-06T14:23:40.804+05:30  WARN 28164 --- [   scheduling-1] c.e.s.M.ExternalMarketDataGateway        : Fallback triggered for news/list CVX: CircuitBreaker 'finnhub' is OPEN and does not permit further calls
2026-05-06T14:23:40.804+05:30  WARN 28164 --- [   scheduling-1] c.e.s.M.ExternalMarketDataGateway        : Fallback triggered for news/list JNJ: CircuitBreaker 'finnhub' is OPEN and does not permit further calls
2026-05-06T14:23:40.805+05:30  WARN 28164 --- [   scheduling-1] c.e.s.M.ExternalMarketDataGateway        : Fallback triggered for news/list UNH: CircuitBreaker 'finnhub' is OPEN and does not permit further calls
2026-05-06T14:23:40.805+05:30  WARN 28164 --- [   scheduling-1] c.e.s.M.ExternalMarketDataGateway        : Fallback triggered for news/list WMT: CircuitBreaker 'finnhub' is OPEN and does not permit further calls
2026-05-06T14:23:40.805+05:30  WARN 28164 --- [   scheduling-1] c.e.s.M.ExternalMarketDataGateway        : Fallback triggered for news/list PG: CircuitBreaker 'finnhub' is OPEN and does not permit further calls
2026-05-06T14:23:40.805+05:30  WARN 28164 --- [   scheduling-1] c.e.s.M.ExternalMarketDataGateway        : Fallback triggered for news/list CRM: CircuitBreaker 'finnhub' is OPEN and does not permit further calls
2026-05-06T14:23:40.805+05:30  WARN 28164 --- [   scheduling-1] c.e.s.M.ExternalMarketDataGateway        : Fallback triggered for news/list COST: CircuitBreaker 'finnhub' is OPEN and does not permit further calls
2026-05-06T14:23:40.805+05:30  WARN 28164 --- [   scheduling-1] c.e.s.M.ExternalMarketDataGateway        : Fallback triggered for news/list AVGO: CircuitBreaker 'finnhub' is OPEN and does not permit further calls
2026-05-06T14:23:40.805+05:30  WARN 28164 --- [   scheduling-1] c.e.s.M.ExternalMarketDataGateway        : Fallback triggered for news/list F: CircuitBreaker 'finnhub' is OPEN and does not permit further calls
2026-05-06T14:23:40.807+05:30  WARN 28164 --- [   scheduling-1] c.e.s.M.ExternalMarketDataGateway        : Fallback triggered for news/list GM: CircuitBreaker 'finnhub' is OPEN and does not permit further calls
2026-05-06T14:23:40.807+05:30  WARN 28164 --- [   scheduling-1] c.e.s.M.ExternalMarketDataGateway        : Fallback triggered for news/list SLB: CircuitBreaker 'finnhub' is OPEN and does not permit further calls
2026-05-06T14:23:40.807+05:30  WARN 28164 --- [   scheduling-1] c.e.s.M.ExternalMarketDataGateway        : Fallback triggered for news/list SPY: CircuitBreaker 'finnhub' is OPEN and does not permit further calls
2026-05-06T14:23:40.807+05:30  WARN 28164 --- [   scheduling-1] c.e.s.M.ExternalMarketDataGateway        : Fallback triggered for news/list QQQ: CircuitBreaker 'finnhub' is OPEN and does not permit further calls
2026-05-06T14:23:40.807+05:30  WARN 28164 --- [   scheduling-1] c.e.s.M.ExternalMarketDataGateway        : Fallback triggered for news/list DIA: CircuitBreaker 'finnhub' is OPEN and does not permit further calls
2026-05-06T14:23:40.809+05:30  INFO 28164 --- [   scheduling-1] c.e.s.M.MarketDataScheduler              : Hydration cycle complete. Processed 24 unique symbols. Success: 20
2026-05-06T14:24:23.904+05:30  INFO 28164 --- [   scheduling-1] c.e.s.M.MarketDataScheduler              : Starting hydrateMarketMirror cycle. HighPriorityIndex: 0, NormalIndex: 29, ChartCycle: 0/5
2026-05-06T14:24:23.907+05:30  INFO 28164 --- [   scheduling-1] c.e.s.M.MarketDataScheduler              : Hydration cycle complete. Processed 24 unique symbols. Success: 0
2026-05-06T14:24:23.908+05:30  INFO 28164 --- [   scheduling-1] c.e.s.M.MarketDataScheduler              : Hydrating news mirror...
2026-05-06T14:24:24.312+05:30  WARN 28164 --- [pool-4-thread-6] c.e.s.M.ExternalMarketDataGateway        : Fallback triggered for quote JPM: CircuitBreaker 'finnhub' is HALF_OPEN and does not permit further calls
2026-05-06T14:24:26.927+05:30  WARN 28164 --- [   scheduling-1] c.e.s.M.ExternalMarketDataGateway        : Fallback triggered for news/list market: RateLimiter 'newsapi' does not permit further calls
2026-05-06T14:24:29.949+05:30  WARN 28164 --- [   scheduling-1] c.e.s.M.ExternalMarketDataGateway        : Fallback triggered for news/list ICICIBANK: RateLimiter 'newsapi' does not permit further calls
2026-05-06T14:24:29.951+05:30  INFO 28164 --- [   scheduling-1] c.e.s.M.MarketDataScheduler              : News hydration completed.
2026-05-06T14:25:23.882+05:30  INFO 28164 --- [   scheduling-1] c.e.s.M.MarketDataScheduler              : Starting hydrateMarketMirror cycle. HighPriorityIndex: 0, NormalIndex: 11, ChartCycle: 1/5
2026-05-06T14:25:23.898+05:30  INFO 28164 --- [   scheduling-1] c.e.s.M.MarketDataScheduler              : Hydration cycle complete. Processed 24 unique symbols. Success: 0
2026-05-06T14:26:23.885+05:30  INFO 28164 --- [   scheduling-1] c.e.s.M.MarketDataScheduler              : Starting hydrateMarketMirror cycle. HighPriorityIndex: 0, NormalIndex: 31, ChartCycle: 2/5
2026-05-06T14:26:23.930+05:30  INFO 28164 --- [   scheduling-1] c.e.s.M.MarketDataScheduler              : Hydration cycle complete. Processed 24 unique symbols. Success: 0
2026-05-06T14:27:23.879+05:30  INFO 28164 --- [   scheduling-1] c.e.s.M.MarketDataScheduler              : Starting hydrateMarketMirror cycle. HighPriorityIndex: 0, NormalIndex: 13, ChartCycle: 3/5
2026-05-06T14:27:23.888+05:30  INFO 28164 --- [   scheduling-1] c.e.s.M.MarketDataScheduler              : Hydration cycle complete. Processed 24 unique symbols. Success: 0
2026-05-06T14:28:23.881+05:30  INFO 28164 --- [   scheduling-1] c.e.s.M.MarketDataScheduler              : Starting hydrateMarketMirror cycle. HighPriorityIndex: 0, NormalIndex: 33, ChartCycle: 4/5
2026-05-06T14:28:23.901+05:30  INFO 28164 --- [   scheduling-1] c.e.s.M.MarketDataScheduler              : Triggering chart hydration cycle...
2026-05-06T14:28:27.967+05:30  WARN 28164 --- [   scheduling-1] c.e.s.M.ExternalMarketDataGateway        : Fallback triggered for news/list AAPL: 403 Forbidden: "{"error":"You don't have access to this resource."}"
2026-05-06T14:28:32.046+05:30  WARN 28164 --- [   scheduling-1] c.e.s.M.ExternalMarketDataGateway        : Fallback triggered for news/list MSFT: 403 Forbidden: "{"error":"You don't have access to this resource."}"
2026-05-06T14:28:35.059+05:30  WARN 28164 --- [   scheduling-1] c.e.s.M.ExternalMarketDataGateway        : Fallback triggered for news/list NVDA: RateLimiter 'finnhub' does not permit further calls
2026-05-06T14:28:38.079+05:30  WARN 28164 --- [   scheduling-1] c.e.s.M.ExternalMarketDataGateway        : Fallback triggered for news/list TSLA: RateLimiter 'finnhub' does not permit further calls
2026-05-06T14:28:41.085+05:30  WARN 28164 --- [   scheduling-1] c.e.s.M.ExternalMarketDataGateway        : Fallback triggered for news/list META: RateLimiter 'finnhub' does not permit further calls
2026-05-06T14:28:41.085+05:30  WARN 28164 --- [   scheduling-1] c.e.s.M.ExternalMarketDataGateway        : Fallback triggered for news/list AMZN: CircuitBreaker 'finnhub' is OPEN and does not permit further calls
2026-05-06T14:28:41.086+05:30  WARN 28164 --- [   scheduling-1] c.e.s.M.ExternalMarketDataGateway        : Fallback triggered for news/list GOOGL: CircuitBreaker 'finnhub' is OPEN and does not permit further calls
2026-05-06T14:28:41.086+05:30  WARN 28164 --- [   scheduling-1] c.e.s.M.ExternalMarketDataGateway        : Fallback triggered for news/list AMD: CircuitBreaker 'finnhub' is OPEN and does not permit further calls
2026-05-06T14:28:41.086+05:30  WARN 28164 --- [   scheduling-1] c.e.s.M.ExternalMarketDataGateway        : Fallback triggered for news/list INTC: CircuitBreaker 'finnhub' is OPEN and does not permit further calls
2026-05-06T14:28:41.086+05:30  WARN 28164 --- [   scheduling-1] c.e.s.M.ExternalMarketDataGateway        : Fallback triggered for news/list NFLX: CircuitBreaker 'finnhub' is OPEN and does not permit further calls
2026-05-06T14:28:41.086+05:30  WARN 28164 --- [   scheduling-1] c.e.s.M.ExternalMarketDataGateway        : Fallback triggered for news/list JPM: CircuitBreaker 'finnhub' is OPEN and does not permit further calls
2026-05-06T14:28:41.086+05:30  WARN 28164 --- [   scheduling-1] c.e.s.M.ExternalMarketDataGateway        : Fallback triggered for news/list V: CircuitBreaker 'finnhub' is OPEN and does not permit further calls
2026-05-06T14:28:41.086+05:30  WARN 28164 --- [   scheduling-1] c.e.s.M.ExternalMarketDataGateway        : Fallback triggered for news/list MA: CircuitBreaker 'finnhub' is OPEN and does not permit further calls
2026-05-06T14:28:41.087+05:30  WARN 28164 --- [   scheduling-1] c.e.s.M.ExternalMarketDataGateway        : Fallback triggered for news/list BAC: CircuitBreaker 'finnhub' is OPEN and does not permit further calls
2026-05-06T14:28:41.087+05:30  WARN 28164 --- [   scheduling-1] c.e.s.M.ExternalMarketDataGateway        : Fallback triggered for news/list XOM: CircuitBreaker 'finnhub' is OPEN and does not permit further calls
2026-05-06T14:28:41.089+05:30  INFO 28164 --- [   scheduling-1] c.e.s.M.MarketDataScheduler              : Hydration cycle complete. Processed 24 unique symbols. Success: 15
2026-05-06T14:29:23.875+05:30  INFO 28164 --- [   scheduling-1] c.e.s.M.MarketDataScheduler              : Starting hydrateMarketMirror cycle. HighPriorityIndex: 0, NormalIndex: 15, ChartCycle: 0/5
2026-05-06T14:29:23.896+05:30  INFO 28164 --- [   scheduling-1] c.e.s.M.MarketDataScheduler              : Hydration cycle complete. Processed 24 unique symbols. Success: 0
2026-05-06T14:29:24.003+05:30  INFO 28164 --- [   scheduling-1] c.e.s.MarketManagement.ForexService      : Refreshed USD→INR rate: 95.312484
2026-05-06T14:29:24.213+05:30  WARN 28164 --- [pool-4-thread-3] c.e.s.M.ExternalMarketDataGateway        : Fallback triggered for quote SLB: CircuitBreaker 'finnhub' is HALF_OPEN and does not permit further calls
2026-05-06T14:29:24.213+05:30  WARN 28164 --- [pool-4-thread-3] c.e.s.M.ExternalMarketDataGateway        : Fallback triggered for quote SPY: CircuitBreaker 'finnhub' is HALF_OPEN and does not permit further calls
2026-05-06T14:29:24.213+05:30  WARN 28164 --- [pool-4-thread-3] c.e.s.M.ExternalMarketDataGateway        : Fallback triggered for quote QQQ: CircuitBreaker 'finnhub' is HALF_OPEN and does not permit further calls
2026-05-06T14:29:24.213+05:30  WARN 28164 --- [pool-4-thread-3] c.e.s.M.ExternalMarketDataGateway        : Fallback triggered for quote DIA: CircuitBreaker 'finnhub' is HALF_OPEN and does not permit further calls
2026-05-06T14:29:24.990+05:30  INFO 28164 --- [   scheduling-1] c.e.s.ContentManagement.ContentService   : Refreshed content cache for 'inflation india' (3 items)
2026-05-06T14:29:25.649+05:30  INFO 28164 --- [   scheduling-1] c.e.s.ContentManagement.ContentService   : Refreshed content cache for 'rbi monetary policy' (3 items)
2026-05-06T14:29:26.116+05:30  INFO 28164 --- [   scheduling-1] c.e.s.ContentManagement.ContentService   : Refreshed content cache for 'us tech stocks' (3 items)
2026-05-06T14:30:23.877+05:30  INFO 28164 --- [   scheduling-1] c.e.s.M.MarketDataScheduler              : Starting hydrateMarketMirror cycle. HighPriorityIndex: 0, NormalIndex: 35, ChartCycle: 1/5
2026-05-06T14:30:23.884+05:30  INFO 28164 --- [   scheduling-1] c.e.s.M.MarketDataScheduler              : Hydration cycle complete. Processed 24 unique symbols. Success: 0
2026-05-06T14:31:23.863+05:30  INFO 28164 --- [   scheduling-1] c.e.s.M.MarketDataScheduler              : Starting hydrateMarketMirror cycle. HighPriorityIndex: 0, NormalIndex: 17, ChartCycle: 2/5
2026-05-06T14:31:23.890+05:30  INFO 28164 --- [   scheduling-1] c.e.s.M.MarketDataScheduler              : Hydration cycle complete. Processed 24 unique symbols. Success: 0
2026-05-06T14:32:23.868+05:30  INFO 28164 --- [   scheduling-1] c.e.s.M.MarketDataScheduler              : Starting hydrateMarketMirror cycle. HighPriorityIndex: 0, NormalIndex: 37, ChartCycle: 3/5
2026-05-06T14:32:23.894+05:30  INFO 28164 --- [   scheduling-1] c.e.s.M.MarketDataScheduler              : Hydration cycle complete. Processed 24 unique symbols. Success: 0
2026-05-06T14:33:23.880+05:30  INFO 28164 --- [   scheduling-1] c.e.s.M.MarketDataScheduler              : Starting hydrateMarketMirror cycle. HighPriorityIndex: 0, NormalIndex: 19, ChartCycle: 4/5
2026-05-06T14:33:23.885+05:30  INFO 28164 --- [   scheduling-1] c.e.s.M.MarketDataScheduler              : Triggering chart hydration cycle...
2026-05-06T14:33:27.873+05:30  WARN 28164 --- [   scheduling-1] c.e.s.M.ExternalMarketDataGateway        : Fallback triggered for news/list PG: 403 Forbidden: "{"error":"You don't have access to this resource."}"
2026-05-06T14:33:32.086+05:30  WARN 28164 --- [   scheduling-1] c.e.s.M.ExternalMarketDataGateway        : Fallback triggered for news/list CRM: 403 Forbidden: "{"error":"You don't have access to this resource."}"
2026-05-06T14:33:36.185+05:30  WARN 28164 --- [   scheduling-1] c.e.s.M.ExternalMarketDataGateway        : Fallback triggered for news/list COST: 403 Forbidden: "{"error":"You don't have access to this resource."}"
2026-05-06T14:33:40.280+05:30  WARN 28164 --- [   scheduling-1] c.e.s.M.ExternalMarketDataGateway        : Fallback triggered for news/list AVGO: 403 Forbidden: "{"error":"You don't have access to this resource."}"
2026-05-06T14:33:44.479+05:30  WARN 28164 --- [   scheduling-1] c.e.s.M.ExternalMarketDataGateway        : Fallback triggered for news/list F: 403 Forbidden: "{"error":"You don't have access to this resource."}"
2026-05-06T14:33:44.480+05:30  WARN 28164 --- [   scheduling-1] c.e.s.M.ExternalMarketDataGateway        : Fallback triggered for news/list GM: CircuitBreaker 'finnhub' is OPEN and does not permit further calls
2026-05-06T14:33:44.480+05:30  WARN 28164 --- [   scheduling-1] c.e.s.M.ExternalMarketDataGateway        : Fallback triggered for news/list SLB: CircuitBreaker 'finnhub' is OPEN and does not permit further calls
2026-05-06T14:33:44.480+05:30  WARN 28164 --- [   scheduling-1] c.e.s.M.ExternalMarketDataGateway        : Fallback triggered for news/list SPY: CircuitBreaker 'finnhub' is OPEN and does not permit further calls
2026-05-06T14:33:44.480+05:30  WARN 28164 --- [   scheduling-1] c.e.s.M.ExternalMarketDataGateway        : Fallback triggered for news/list QQQ: CircuitBreaker 'finnhub' is OPEN and does not permit further calls
2026-05-06T14:33:44.480+05:30  WARN 28164 --- [   scheduling-1] c.e.s.M.ExternalMarketDataGateway        : Fallback triggered for news/list DIA: CircuitBreaker 'finnhub' is OPEN and does not permit further calls
2026-05-06T14:33:44.481+05:30  WARN 28164 --- [   scheduling-1] c.e.s.M.ExternalMarketDataGateway        : Fallback triggered for news/list INFY.NS: CircuitBreaker 'finnhub' is OPEN and does not permit further calls
2026-05-06T14:33:44.481+05:30  WARN 28164 --- [   scheduling-1] c.e.s.M.ExternalMarketDataGateway        : Fallback triggered for news/list TCS.NS: CircuitBreaker 'finnhub' is OPEN and does not permit further calls
2026-05-06T14:33:44.481+05:30  WARN 28164 --- [   scheduling-1] c.e.s.M.ExternalMarketDataGateway        : Fallback triggered for news/list HDFCBANK.NS: CircuitBreaker 'finnhub' is OPEN and does not permit further calls
2026-05-06T14:33:44.481+05:30  WARN 28164 --- [   scheduling-1] c.e.s.M.ExternalMarketDataGateway        : Fallback triggered for news/list SBIN.NS: CircuitBreaker 'finnhub' is OPEN and does not permit further calls
2026-05-06T14:33:44.481+05:30  WARN 28164 --- [   scheduling-1] c.e.s.M.ExternalMarketDataGateway        : Fallback triggered for news/list ICICIBANK.NS: CircuitBreaker 'finnhub' is OPEN and does not permit further calls
2026-05-06T14:33:44.481+05:30  WARN 28164 --- [   scheduling-1] c.e.s.M.ExternalMarketDataGateway        : Fallback triggered for news/list ITC.NS: CircuitBreaker 'finnhub' is OPEN and does not permit further calls
2026-05-06T14:33:44.481+05:30  WARN 28164 --- [   scheduling-1] c.e.s.M.ExternalMarketDataGateway        : Fallback triggered for news/list LT.NS: CircuitBreaker 'finnhub' is OPEN and does not permit further calls
2026-05-06T14:33:44.481+05:30  WARN 28164 --- [   scheduling-1] c.e.s.M.ExternalMarketDataGateway        : Fallback triggered for news/list TATAMOTORS.NS: CircuitBreaker 'finnhub' is OPEN and does not permit further calls
2026-05-06T14:33:44.482+05:30  WARN 28164 --- [   scheduling-1] c.e.s.M.ExternalMarketDataGateway        : Fallback triggered for news/list ZOMATO.NS: CircuitBreaker 'finnhub' is OPEN and does not permit further calls
2026-05-06T14:33:44.482+05:30  WARN 28164 --- [   scheduling-1] c.e.s.M.ExternalMarketDataGateway        : Fallback triggered for news/list AAPL: CircuitBreaker 'finnhub' is OPEN and does not permit further calls
2026-05-06T14:33:44.487+05:30  INFO 28164 --- [   scheduling-1] c.e.s.M.MarketDataScheduler              : Hydration cycle complete. Processed 24 unique symbols. Success: 11
2026-05-06T14:34:23.876+05:30  INFO 28164 --- [   scheduling-1] c.e.s.M.MarketDataScheduler              : Starting hydrateMarketMirror cycle. HighPriorityIndex: 0, NormalIndex: 1, ChartCycle: 0/5
2026-05-06T14:34:23.889+05:30  INFO 28164 --- [   scheduling-1] c.e.s.M.MarketDataScheduler              : Hydration cycle complete. Processed 24 unique symbols. Success: 0
2026-05-06T14:34:24.200+05:30  WARN 28164 --- [pool-4-thread-9] c.e.s.M.ExternalMarketDataGateway        : Fallback triggered for quote V: CircuitBreaker 'finnhub' is HALF_OPEN and does not permit further calls
2026-05-06T14:34:24.200+05:30  WARN 28164 --- [pool-4-thread-9] c.e.s.M.ExternalMarketDataGateway        : Fallback triggered for quote MA: CircuitBreaker 'finnhub' is HALF_OPEN and does not permit further calls
2026-05-06T14:34:24.200+05:30  WARN 28164 --- [pool-4-thread-9] c.e.s.M.ExternalMarketDataGateway        : Fallback triggered for quote BAC: CircuitBreaker 'finnhub' is HALF_OPEN and does not permit further calls
2026-05-06T14:34:24.200+05:30  WARN 28164 --- [pool-4-thread-9] c.e.s.M.ExternalMarketDataGateway        : Fallback triggered for quote XOM: CircuitBreaker 'finnhub' is HALF_OPEN and does not permit further calls
2026-05-06T14:34:24.200+05:30  WARN 28164 --- [pool-4-thread-9] c.e.s.M.ExternalMarketDataGateway        : Fallback triggered for quote CVX: CircuitBreaker 'finnhub' is HALF_OPEN and does not permit further calls
2026-05-06T14:34:24.201+05:30  WARN 28164 --- [pool-4-thread-9] c.e.s.M.ExternalMarketDataGateway        : Fallback triggered for quote JNJ: CircuitBreaker 'finnhub' is HALF_OPEN and does not permit further calls
2026-05-06T14:34:24.201+05:30  WARN 28164 --- [pool-4-thread-9] c.e.s.M.ExternalMarketDataGateway        : Fallback triggered for quote UNH: CircuitBreaker 'finnhub' is HALF_OPEN and does not permit further calls
2026-05-06T14:34:24.201+05:30  WARN 28164 --- [pool-4-thread-9] c.e.s.M.ExternalMarketDataGateway        : Fallback triggered for quote WMT: CircuitBreaker 'finnhub' is HALF_OPEN and does not permit further calls
2026-05-06T14:34:24.201+05:30  WARN 28164 --- [pool-4-thread-9] c.e.s.M.ExternalMarketDataGateway        : Fallback triggered for quote PG: CircuitBreaker 'finnhub' is HALF_OPEN and does not permit further calls
2026-05-06T14:34:24.201+05:30  WARN 28164 --- [pool-4-thread-9] c.e.s.M.ExternalMarketDataGateway        : Fallback triggered for quote CRM: CircuitBreaker 'finnhub' is HALF_OPEN and does not permit further calls
2026-05-06T14:35:23.862+05:30  INFO 28164 --- [   scheduling-1] c.e.s.M.MarketDataScheduler              : Starting hydrateMarketMirror cycle. HighPriorityIndex: 0, NormalIndex: 21, ChartCycle: 1/5
2026-05-06T14:35:23.880+05:30  INFO 28164 --- [   scheduling-1] c.e.s.M.MarketDataScheduler              : Hydration cycle complete. Processed 24 unique symbols. Success: 0
2026-05-06T14:36:23.883+05:30  INFO 28164 --- [   scheduling-1] c.e.s.M.MarketDataScheduler              : Starting hydrateMarketMirror cycle. HighPriorityIndex: 0, NormalIndex: 3, ChartCycle: 2/5
2026-05-06T14:36:23.890+05:30  INFO 28164 --- [   scheduling-1] c.e.s.M.MarketDataScheduler              : Hydration cycle complete. Processed 24 unique symbols. Success: 0
2026-05-06T14:37:23.868+05:30  INFO 28164 --- [   scheduling-1] c.e.s.M.MarketDataScheduler              : Starting hydrateMarketMirror cycle. HighPriorityIndex: 0, NormalIndex: 23, ChartCycle: 3/5
2026-05-06T14:37:23.890+05:30  INFO 28164 --- [   scheduling-1] c.e.s.M.MarketDataScheduler              : Hydration cycle complete. Processed 24 unique symbols. Success: 0
2026-05-06T14:38:23.853+05:30  INFO 28164 --- [   scheduling-1] c.e.s.M.MarketDataScheduler              : Starting hydrateMarketMirror cycle. HighPriorityIndex: 0, NormalIndex: 5, ChartCycle: 4/5
2026-05-06T14:38:23.872+05:30  INFO 28164 --- [   scheduling-1] c.e.s.M.MarketDataScheduler              : Triggering chart hydration cycle...
2026-05-06T14:38:27.914+05:30  WARN 28164 --- [   scheduling-1] c.e.s.M.ExternalMarketDataGateway        : Fallback triggered for news/list AMZN: 403 Forbidden: "{"error":"You don't have access to this resource."}"
2026-05-06T14:38:32.433+05:30  WARN 28164 --- [   scheduling-1] c.e.s.M.ExternalMarketDataGateway        : Fallback triggered for news/list GOOGL: 403 Forbidden: "{"error":"You don't have access to this resource."}"
2026-05-06T14:38:35.444+05:30  WARN 28164 --- [   scheduling-1] c.e.s.M.ExternalMarketDataGateway        : Fallback triggered for news/list AMD: RateLimiter 'finnhub' does not permit further calls
2026-05-06T14:38:38.455+05:30  WARN 28164 --- [   scheduling-1] c.e.s.M.ExternalMarketDataGateway        : Fallback triggered for news/list INTC: RateLimiter 'finnhub' does not permit further calls
2026-05-06T14:38:41.466+05:30  WARN 28164 --- [   scheduling-1] c.e.s.M.ExternalMarketDataGateway        : Fallback triggered for news/list NFLX: RateLimiter 'finnhub' does not permit further calls
2026-05-06T14:38:41.468+05:30  WARN 28164 --- [   scheduling-1] c.e.s.M.ExternalMarketDataGateway        : Fallback triggered for news/list JPM: CircuitBreaker 'finnhub' is OPEN and does not permit further calls
2026-05-06T14:38:41.468+05:30  WARN 28164 --- [   scheduling-1] c.e.s.M.ExternalMarketDataGateway        : Fallback triggered for news/list V: CircuitBreaker 'finnhub' is OPEN and does not permit further calls
2026-05-06T14:38:41.468+05:30  WARN 28164 --- [   scheduling-1] c.e.s.M.ExternalMarketDataGateway        : Fallback triggered for news/list MA: CircuitBreaker 'finnhub' is OPEN and does not permit further calls
2026-05-06T14:38:41.469+05:30  WARN 28164 --- [   scheduling-1] c.e.s.M.ExternalMarketDataGateway        : Fallback triggered for news/list BAC: CircuitBreaker 'finnhub' is OPEN and does not permit further calls
2026-05-06T14:38:41.469+05:30  WARN 28164 --- [   scheduling-1] c.e.s.M.ExternalMarketDataGateway        : Fallback triggered for news/list XOM: CircuitBreaker 'finnhub' is OPEN and does not permit further calls
2026-05-06T14:38:41.469+05:30  WARN 28164 --- [   scheduling-1] c.e.s.M.ExternalMarketDataGateway        : Fallback triggered for news/list CVX: CircuitBreaker 'finnhub' is OPEN and does not permit further calls
2026-05-06T14:38:41.469+05:30  WARN 28164 --- [   scheduling-1] c.e.s.M.ExternalMarketDataGateway        : Fallback triggered for news/list JNJ: CircuitBreaker 'finnhub' is OPEN and does not permit further calls
2026-05-06T14:38:41.469+05:30  WARN 28164 --- [   scheduling-1] c.e.s.M.ExternalMarketDataGateway        : Fallback triggered for news/list UNH: CircuitBreaker 'finnhub' is OPEN and does not permit further calls
2026-05-06T14:38:41.470+05:30  WARN 28164 --- [   scheduling-1] c.e.s.M.ExternalMarketDataGateway        : Fallback triggered for news/list WMT: CircuitBreaker 'finnhub' is OPEN and does not permit further calls
2026-05-06T14:38:41.470+05:30  WARN 28164 --- [   scheduling-1] c.e.s.M.ExternalMarketDataGateway        : Fallback triggered for news/list PG: CircuitBreaker 'finnhub' is OPEN and does not permit further calls
2026-05-06T14:38:41.470+05:30  WARN 28164 --- [   scheduling-1] c.e.s.M.ExternalMarketDataGateway        : Fallback triggered for news/list CRM: CircuitBreaker 'finnhub' is OPEN and does not permit further calls
2026-05-06T14:38:41.470+05:30  WARN 28164 --- [   scheduling-1] c.e.s.M.ExternalMarketDataGateway        : Fallback triggered for news/list COST: CircuitBreaker 'finnhub' is OPEN and does not permit further calls
2026-05-06T14:38:41.471+05:30  WARN 28164 --- [   scheduling-1] c.e.s.M.ExternalMarketDataGateway        : Fallback triggered for news/list AVGO: CircuitBreaker 'finnhub' is OPEN and does not permit further calls
2026-05-06T14:38:41.471+05:30  WARN 28164 --- [   scheduling-1] c.e.s.M.ExternalMarketDataGateway        : Fallback triggered for news/list F: CircuitBreaker 'finnhub' is OPEN and does not permit further calls
2026-05-06T14:38:41.471+05:30  WARN 28164 --- [   scheduling-1] c.e.s.M.ExternalMarketDataGateway        : Fallback triggered for news/list GM: CircuitBreaker 'finnhub' is OPEN and does not permit further calls
2026-05-06T14:38:41.475+05:30  INFO 28164 --- [   scheduling-1] c.e.s.M.MarketDataScheduler              : Hydration cycle complete. Processed 24 unique symbols. Success: 20
2026-05-06T14:39:23.861+05:30  INFO 28164 --- [   scheduling-1] c.e.s.M.MarketDataScheduler              : Starting AI Insight precomputation cycle...
2026-05-06T14:39:24.009+05:30 ERROR 28164 --- [pool-5-thread-2] c.e.s.AiManagement.service.GroqGateway   : Groq API request failed: 401 Unauthorized: [no body]
2026-05-06T14:39:24.028+05:30 ERROR 28164 --- [pool-5-thread-3] c.e.s.AiManagement.service.GroqGateway   : Groq API request failed: 401 Unauthorized: [no body]
2026-05-06T14:39:24.029+05:30 ERROR 28164 --- [   scheduling-1] c.e.s.AiManagement.service.GroqGateway   : Groq API request failed: 401 Unauthorized: [no body]
2026-05-06T14:39:24.029+05:30 ERROR 28164 --- [   scheduling-1] c.e.s.AiManagement.service.AiService     : Failed to generate vault scenario: argument "content" is null
2026-05-06T14:39:24.033+05:30 ERROR 28164 --- [pool-5-thread-1] c.e.s.AiManagement.service.GroqGateway   : Groq API request failed: 401 Unauthorized: [no body]
2026-05-06T14:39:24.102+05:30 ERROR 28164 --- [pool-5-thread-2] c.e.s.AiManagement.service.GroqGateway   : Groq API request failed: 401 Unauthorized: [no body]
2026-05-06T14:39:24.149+05:30 ERROR 28164 --- [   scheduling-1] c.e.s.AiManagement.service.GroqGateway   : Groq API request failed: 401 Unauthorized: [no body]
2026-05-06T14:39:24.221+05:30 ERROR 28164 --- [   scheduling-1] c.e.s.AiManagement.service.GroqGateway   : Groq API request failed: 401 Unauthorized: [no body]
2026-05-06T14:39:24.315+05:30 ERROR 28164 --- [   scheduling-1] c.e.s.AiManagement.service.GroqGateway   : Groq API request failed: 401 Unauthorized: [no body]
2026-05-06T14:39:24.408+05:30 ERROR 28164 --- [   scheduling-1] c.e.s.AiManagement.service.GroqGateway   : Groq API request failed: 401 Unauthorized: [no body]
2026-05-06T14:39:24.476+05:30 ERROR 28164 --- [   scheduling-1] c.e.s.AiManagement.service.GroqGateway   : Groq API request failed: 401 Unauthorized: [no body]
2026-05-06T14:39:24.566+05:30 ERROR 28164 --- [   scheduling-1] c.e.s.AiManagement.service.GroqGateway   : Groq API request failed: 401 Unauthorized: [no body]
2026-05-06T14:39:24.666+05:30 ERROR 28164 --- [   scheduling-1] c.e.s.AiManagement.service.GroqGateway   : Groq API request failed: 401 Unauthorized: [no body]
2026-05-06T14:39:24.735+05:30 ERROR 28164 --- [   scheduling-1] c.e.s.AiManagement.service.GroqGateway   : Groq API request failed: 401 Unauthorized: [no body]
2026-05-06T14:39:24.804+05:30 ERROR 28164 --- [   scheduling-1] c.e.s.AiManagement.service.GroqGateway   : Groq API request failed: 401 Unauthorized: [no body]
2026-05-06T14:39:24.893+05:30 ERROR 28164 --- [   scheduling-1] c.e.s.AiManagement.service.GroqGateway   : Groq API request failed: 401 Unauthorized: [no body]
2026-05-06T14:39:24.989+05:30 ERROR 28164 --- [   scheduling-1] c.e.s.AiManagement.service.GroqGateway   : Groq API request failed: 401 Unauthorized: [no body]
2026-05-06T14:39:25.011+05:30  INFO 28164 --- [   scheduling-1] c.e.s.M.MarketDataScheduler              : AI Insight precomputation cycle complete.
2026-05-06T14:39:25.012+05:30  INFO 28164 --- [   scheduling-1] c.e.s.M.MarketDataScheduler              : Starting hydrateMarketMirror cycle. HighPriorityIndex: 0, NormalIndex: 25, ChartCycle: 0/5
2026-05-06T14:39:25.014+05:30  INFO 28164 --- [   scheduling-1] c.e.s.M.MarketDataScheduler              : Hydration cycle complete. Processed 24 unique symbols. Success: 0
2026-05-06T14:39:25.088+05:30  INFO 28164 --- [   scheduling-1] c.e.s.MarketManagement.ForexService      : Refreshed USD→INR rate: 95.312484
2026-05-06T14:39:25.327+05:30  WARN 28164 --- [pool-4-thread-5] c.e.s.M.ExternalMarketDataGateway        : Fallback triggered for quote GOOGL: CircuitBreaker 'finnhub' is HALF_OPEN and does not permit further calls
2026-05-06T14:39:25.712+05:30  INFO 28164 --- [   scheduling-1] c.e.s.ContentManagement.ContentService   : Refreshed content cache for 'inflation india' (3 items)
2026-05-06T14:39:26.405+05:30  INFO 28164 --- [   scheduling-1] c.e.s.ContentManagement.ContentService   : Refreshed content cache for 'rbi monetary policy' (3 items)
2026-05-06T14:39:27.088+05:30  INFO 28164 --- [   scheduling-1] c.e.s.ContentManagement.ContentService   : Refreshed content cache for 'us tech stocks' (3 items)
2026-05-06T14:40:23.848+05:30  INFO 28164 --- [   scheduling-1] c.e.s.M.MarketDataScheduler              : Starting hydrateMarketMirror cycle. HighPriorityIndex: 0, NormalIndex: 7, ChartCycle: 1/5
2026-05-06T14:40:23.864+05:30  INFO 28164 --- [   scheduling-1] c.e.s.M.MarketDataScheduler              : Hydration cycle complete. Processed 24 unique symbols. Success: 0
[INFO] ------------------------------------------------------------------------
[INFO] BUILD FAILURE
[INFO] ------------------------------------------------------------------------
[INFO] Total time:  01:02 h
[INFO] Finished at: 2026-05-06T14:41:17+05:30
[INFO] ------------------------------------------------------------------------
[ERROR] Failed to execute goal org.springframework.boot:spring-boot-maven-plugin:3.3.12:run (default-cli) on project stockPortfolio: Process terminated with exit code: 137 -> [Help 1]
[ERROR] 
[ERROR] To see the full stack trace of the errors, re-run Maven with the -e switch.
[ERROR] Re-run Maven using the -X switch to enable full debug logging.
[ERROR] 
[ERROR] For more information about the errors and possible solutions, please read the following articles:
[ERROR] [Help 1] http://cwiki.apache.org/confluence/display/MAVEN/MojoExecutionException
